shot_no,start_sec,end_sec,duration_sec,role,voiceover_zh,subtitle_zh,onscreen_text_zh,figure_sequence,canvas_width,canvas_height,title_safe_y,evidence_panel_y,subtitle_safe_y,source_boundary_y,figure_footer_must_remain_visible,publication_status
1,0,7,7,HOOK,同样叫第一次降息，历史上的市场路径可以完全不同。,同样叫第一次降息，历史上的市场路径可以完全不同。,"同样是第一次降息
为什么市场路径完全不同？",,1080,1920,120-360,420-1320,1390-1650,1670-1840,False,NOT_PUBLISHED
2,7,18,11,EVIDENCE,1995案例里，标普500首降后12个月是+19.4%。,1995案例里，标普500首降后12个月是+19.4%。,1995｜S&P 500 +19.4%,FIG-CASE-B03,1080,1920,120-360,420-1320,1390-1650,1670-1840,True,NOT_PUBLISHED
3,18,29,11,EVIDENCE,2001案例里，纳指首降后12个月是-25.6%，最大回撤40.8%。,2001案例里，纳指首降后12个月是-25.6%，最大回撤40.8%。,"2001｜Nasdaq -25.6%
MDD 40.8%",FIG-CASE-B04,1080,1920,120-360,420-1320,1390-1650,1670-1840,True,NOT_PUBLISHED
4,29,40,11,EVIDENCE,2007案例里，标普500首降后12个月是-16.3%，黄金是+24.8%。,2007案例里，标普500首降后12个月是-16.3%，黄金是+24.8%。,"2007｜S&P 500 -16.3%
Gold +24.8%",FIG-CASE-B05,1080,1920,120-360,420-1320,1390-1650,1670-1840,True,NOT_PUBLISHED
5,40,51,11,EVIDENCE,2019案例里，标普500首降后12个月是+11.0%；2024案例里，标普500首降后12个月是+20.2%。,2019案例里，标普500首降后12个月是+11.0%；2024案例里，标普500首降后12个月是+20.2%。,"2019｜S&P 500 +11.0%
2024｜S&P 500 +20.2%",FIG-CASE-B06|FIG-CASE-B07,1080,1920,120-360,420-1320,1390-1650,1670-1840,True,NOT_PUBLISHED
6,51,62,11,SYNTHESIS,同一个政策阶段标签，可以和不同的增长、通胀、信用压力以及后续冲击共存。,同一个政策阶段标签，可以和不同的增长、通胀、信用压力以及后续冲击共存。,政策标签 ≠ 完整市场状态,,1080,1920,120-360,420-1320,1390-1650,1670-1840,False,NOT_PUBLISHED
7,62,72,10,BOUNDARY,这些案例用来理解历史路径差异，不是当前周期的预测模板。,这些案例用来理解历史路径差异，不是当前周期的预测模板。,历史案例 ≠ 当前预测模板,,1080,1920,120-360,420-1320,1390-1650,1670-1840,False,NOT_PUBLISHED
