source_effective_date,event_date,event_date_basis,target_before,target,change_bp,direction,scheduled_decision_match
1982-10-01,1982-10-01,HISTORICAL_TARGET_RECONSTRUCTION,10.25,10.0,-25.0,CUT,False
1982-10-07,1982-10-07,HISTORICAL_TARGET_RECONSTRUCTION,10.0,9.5,-50.0,CUT,False
1982-11-19,1982-11-19,HISTORICAL_TARGET_RECONSTRUCTION,9.5,9.0,-50.0,CUT,False
1982-12-14,1982-12-14,HISTORICAL_TARGET_RECONSTRUCTION,9.0,8.5,-50.0,CUT,False
1983-03-31,1983-03-31,HISTORICAL_TARGET_RECONSTRUCTION,8.5,8.625,12.5,HIKE,False
1983-05-25,1983-05-25,HISTORICAL_TARGET_RECONSTRUCTION,8.625,8.75,12.5,HIKE,True
1983-06-24,1983-06-24,HISTORICAL_TARGET_RECONSTRUCTION,8.75,9.0,25.0,HIKE,False
1983-07-14,1983-07-14,HISTORICAL_TARGET_RECONSTRUCTION,9.0,9.25,25.0,HIKE,True
1983-07-20,1983-07-20,HISTORICAL_TARGET_RECONSTRUCTION,9.25,9.4375,18.75,HIKE,False
1983-08-11,1983-08-11,HISTORICAL_TARGET_RECONSTRUCTION,9.4375,9.5625,12.5,HIKE,False
1983-08-17,1983-08-17,HISTORICAL_TARGET_RECONSTRUCTION,9.5625,9.5,-6.25,CUT,False
1983-09-15,1983-09-15,HISTORICAL_TARGET_RECONSTRUCTION,9.5,9.375,-12.5,CUT,False
1984-03-29,1984-03-29,HISTORICAL_TARGET_RECONSTRUCTION,9.375,10.5,112.5,HIKE,False
1984-07-05,1984-07-05,HISTORICAL_TARGET_RECONSTRUCTION,10.5,11.0,50.0,HIKE,False
1984-07-19,1984-07-19,HISTORICAL_TARGET_RECONSTRUCTION,11.0,11.25,25.0,HIKE,False
1984-08-09,1984-08-09,HISTORICAL_TARGET_RECONSTRUCTION,11.25,11.5,25.0,HIKE,False
1984-09-20,1984-09-20,HISTORICAL_TARGET_RECONSTRUCTION,11.5,11.25,-25.0,CUT,False
1984-09-27,1984-09-27,HISTORICAL_TARGET_RECONSTRUCTION,11.25,11.0,-25.0,CUT,False
1984-10-11,1984-10-11,HISTORICAL_TARGET_RECONSTRUCTION,11.0,10.5,-50.0,CUT,False
1984-10-18,1984-10-18,HISTORICAL_TARGET_RECONSTRUCTION,10.5,10.0,-50.0,CUT,False
1984-11-08,1984-11-08,HISTORICAL_TARGET_RECONSTRUCTION,10.0,9.5,-50.0,CUT,True
1984-11-23,1984-11-23,HISTORICAL_TARGET_RECONSTRUCTION,9.5,9.0,-50.0,CUT,False
1984-12-06,1984-12-06,HISTORICAL_TARGET_RECONSTRUCTION,9.0,8.75,-25.0,CUT,False
1984-12-19,1984-12-19,HISTORICAL_TARGET_RECONSTRUCTION,8.75,8.5,-25.0,CUT,True
1984-12-24,1984-12-24,HISTORICAL_TARGET_RECONSTRUCTION,8.5,8.125,-37.5,CUT,False
1985-01-24,1985-01-24,HISTORICAL_TARGET_RECONSTRUCTION,8.125,8.25,12.5,HIKE,False
1985-02-14,1985-02-14,HISTORICAL_TARGET_RECONSTRUCTION,8.25,8.375,12.5,HIKE,True
1985-03-28,1985-03-28,HISTORICAL_TARGET_RECONSTRUCTION,8.375,8.5,12.5,HIKE,False
1985-04-25,1985-04-25,HISTORICAL_TARGET_RECONSTRUCTION,8.5,8.25,-25.0,CUT,False
1985-05-20,1985-05-20,HISTORICAL_TARGET_RECONSTRUCTION,8.25,7.75,-50.0,CUT,True
1985-07-11,1985-07-11,HISTORICAL_TARGET_RECONSTRUCTION,7.75,7.6875,-6.25,CUT,True
1985-07-25,1985-07-25,HISTORICAL_TARGET_RECONSTRUCTION,7.6875,7.75,6.25,HIKE,False
1985-08-21,1985-08-21,HISTORICAL_TARGET_RECONSTRUCTION,7.75,7.8125,6.25,HIKE,True
1985-09-06,1985-09-06,HISTORICAL_TARGET_RECONSTRUCTION,7.8125,8.0,18.75,HIKE,False
1985-12-18,1985-12-18,HISTORICAL_TARGET_RECONSTRUCTION,8.0,7.75,-25.0,CUT,True
1986-03-07,1986-03-07,HISTORICAL_TARGET_RECONSTRUCTION,7.75,7.25,-50.0,CUT,False
1986-04-02,1986-04-02,HISTORICAL_TARGET_RECONSTRUCTION,7.25,7.3125,6.25,HIKE,True
1986-04-21,1986-04-21,HISTORICAL_TARGET_RECONSTRUCTION,7.3125,6.75,-56.25,CUT,False
1986-05-22,1986-05-22,HISTORICAL_TARGET_RECONSTRUCTION,6.75,6.8125,6.25,HIKE,False
1986-06-05,1986-06-05,HISTORICAL_TARGET_RECONSTRUCTION,6.8125,6.875,6.25,HIKE,False
1986-07-11,1986-07-11,HISTORICAL_TARGET_RECONSTRUCTION,6.875,6.375,-50.0,CUT,False
1986-08-21,1986-08-21,HISTORICAL_TARGET_RECONSTRUCTION,6.375,5.875,-50.0,CUT,False
1987-01-05,1987-01-05,HISTORICAL_TARGET_RECONSTRUCTION,5.875,6.0,12.5,HIKE,False
1987-04-30,1987-04-30,HISTORICAL_TARGET_RECONSTRUCTION,6.0,6.5,50.0,HIKE,False
1987-05-22,1987-05-22,HISTORICAL_TARGET_RECONSTRUCTION,6.5,6.75,25.0,HIKE,False
1987-07-02,1987-07-02,HISTORICAL_TARGET_RECONSTRUCTION,6.75,6.625,-12.5,CUT,False
1987-08-27,1987-08-27,HISTORICAL_TARGET_RECONSTRUCTION,6.625,6.75,12.5,HIKE,False
1987-09-03,1987-09-03,HISTORICAL_TARGET_RECONSTRUCTION,6.75,6.875,12.5,HIKE,False
1987-09-04,1987-09-04,HISTORICAL_TARGET_RECONSTRUCTION,6.875,7.25,37.5,HIKE,False
1987-09-24,1987-09-24,HISTORICAL_TARGET_RECONSTRUCTION,7.25,7.3125,6.25,HIKE,False
1987-11-04,1987-11-04,HISTORICAL_TARGET_RECONSTRUCTION,7.3125,6.8125,-50.0,CUT,True
1988-01-28,1988-01-28,HISTORICAL_TARGET_RECONSTRUCTION,6.8125,6.625,-18.75,CUT,False
1988-02-11,1988-02-11,HISTORICAL_TARGET_RECONSTRUCTION,6.625,6.5,-12.5,CUT,True
1988-03-30,1988-03-30,HISTORICAL_TARGET_RECONSTRUCTION,6.5,6.75,25.0,HIKE,True
1988-05-09,1988-05-09,HISTORICAL_TARGET_RECONSTRUCTION,6.75,7.0,25.0,HIKE,False
1988-05-25,1988-05-25,HISTORICAL_TARGET_RECONSTRUCTION,7.0,7.25,25.0,HIKE,False
1988-06-22,1988-06-22,HISTORICAL_TARGET_RECONSTRUCTION,7.25,7.4375,18.75,HIKE,False
1988-07-01,1988-07-01,HISTORICAL_TARGET_RECONSTRUCTION,7.4375,7.5,6.25,HIKE,True
1988-07-19,1988-07-19,HISTORICAL_TARGET_RECONSTRUCTION,7.5,7.6875,18.75,HIKE,False
1988-08-08,1988-08-08,HISTORICAL_TARGET_RECONSTRUCTION,7.6875,7.75,6.25,HIKE,False
1988-08-09,1988-08-09,HISTORICAL_TARGET_RECONSTRUCTION,7.75,8.125,37.5,HIKE,False
1988-11-17,1988-11-17,HISTORICAL_TARGET_RECONSTRUCTION,8.125,8.3125,18.75,HIKE,False
1988-11-22,1988-11-22,HISTORICAL_TARGET_RECONSTRUCTION,8.3125,8.375,6.25,HIKE,False
1988-12-15,1988-12-15,HISTORICAL_TARGET_RECONSTRUCTION,8.375,8.6875,31.25,HIKE,True
1989-01-05,1989-01-05,HISTORICAL_TARGET_RECONSTRUCTION,8.6875,9.0,31.25,HIKE,False
1989-02-09,1989-02-09,HISTORICAL_TARGET_RECONSTRUCTION,9.0,9.125,12.5,HIKE,True
1989-02-14,1989-02-14,HISTORICAL_TARGET_RECONSTRUCTION,9.125,9.3125,18.75,HIKE,False
1989-02-24,1989-02-24,HISTORICAL_TARGET_RECONSTRUCTION,9.3125,9.75,43.75,HIKE,False
1989-05-17,1989-05-17,HISTORICAL_TARGET_RECONSTRUCTION,9.75,9.8125,6.25,HIKE,True
1989-06-06,1989-06-06,HISTORICAL_TARGET_RECONSTRUCTION,9.8125,9.5625,-25.0,CUT,False
1989-07-07,1989-07-07,HISTORICAL_TARGET_RECONSTRUCTION,9.5625,9.3125,-25.0,CUT,True
1989-07-27,1989-07-27,HISTORICAL_TARGET_RECONSTRUCTION,9.3125,9.0625,-25.0,CUT,False
1989-10-19,1989-10-19,HISTORICAL_TARGET_RECONSTRUCTION,9.0625,8.75,-31.25,CUT,False
1989-11-06,1989-11-06,HISTORICAL_TARGET_RECONSTRUCTION,8.75,8.5,-25.0,CUT,False
1989-12-20,1989-12-20,HISTORICAL_TARGET_RECONSTRUCTION,8.5,8.25,-25.0,CUT,True
1990-07-13,1990-07-13,HISTORICAL_TARGET_RECONSTRUCTION,8.25,8.0,-25.0,CUT,False
1990-10-29,1990-10-29,HISTORICAL_TARGET_RECONSTRUCTION,8.0,7.75,-25.0,CUT,False
1990-11-14,1990-11-14,HISTORICAL_TARGET_RECONSTRUCTION,7.75,7.5,-25.0,CUT,True
1990-12-07,1990-12-07,HISTORICAL_TARGET_RECONSTRUCTION,7.5,7.25,-25.0,CUT,False
1990-12-19,1990-12-19,HISTORICAL_TARGET_RECONSTRUCTION,7.25,7.0,-25.0,CUT,True
1991-01-09,1991-01-09,HISTORICAL_TARGET_RECONSTRUCTION,7.0,6.75,-25.0,CUT,False
1991-02-01,1991-02-01,HISTORICAL_TARGET_RECONSTRUCTION,6.75,6.25,-50.0,CUT,False
1991-03-08,1991-03-08,HISTORICAL_TARGET_RECONSTRUCTION,6.25,6.0,-25.0,CUT,False
1991-04-30,1991-04-30,HISTORICAL_TARGET_RECONSTRUCTION,6.0,5.75,-25.0,CUT,False
1991-08-06,1991-08-06,HISTORICAL_TARGET_RECONSTRUCTION,5.75,5.5,-25.0,CUT,False
1991-09-13,1991-09-13,HISTORICAL_TARGET_RECONSTRUCTION,5.5,5.25,-25.0,CUT,False
1991-10-31,1991-10-31,HISTORICAL_TARGET_RECONSTRUCTION,5.25,5.0,-25.0,CUT,False
1991-11-06,1991-11-06,HISTORICAL_TARGET_RECONSTRUCTION,5.0,4.75,-25.0,CUT,True
1991-12-06,1991-12-06,HISTORICAL_TARGET_RECONSTRUCTION,4.75,4.5,-25.0,CUT,False
1991-12-20,1991-12-20,HISTORICAL_TARGET_RECONSTRUCTION,4.5,4.0,-50.0,CUT,False
1992-04-09,1992-04-09,HISTORICAL_TARGET_RECONSTRUCTION,4.0,3.75,-25.0,CUT,False
1992-07-02,1992-07-02,HISTORICAL_TARGET_RECONSTRUCTION,3.75,3.25,-50.0,CUT,False
1992-09-04,1992-09-04,HISTORICAL_TARGET_RECONSTRUCTION,3.25,3.0,-25.0,CUT,False
1994-02-04,1994-02-04,FOMC_SCHEDULED_DECISION_DATE,3.0,3.25,25.0,HIKE,True
1994-03-22,1994-03-22,FOMC_SCHEDULED_DECISION_DATE,3.25,3.5,25.0,HIKE,True
1994-04-18,1994-04-18,TARGET_EFFECTIVE_DATE_UNSCHEDULED_CANDIDATE,3.5,3.75,25.0,HIKE,False
1994-05-17,1994-05-17,FOMC_SCHEDULED_DECISION_DATE,3.75,4.25,50.0,HIKE,True
1994-08-16,1994-08-16,FOMC_SCHEDULED_DECISION_DATE,4.25,4.75,50.0,HIKE,True
1994-11-15,1994-11-15,FOMC_SCHEDULED_DECISION_DATE,4.75,5.5,75.0,HIKE,True
1995-02-01,1995-02-01,TARGET_EFFECTIVE_DATE_UNSCHEDULED_CANDIDATE,5.5,6.0,50.0,HIKE,False
1995-07-06,1995-07-06,FOMC_SCHEDULED_DECISION_DATE,6.0,5.75,-25.0,CUT,True
1995-12-19,1995-12-19,FOMC_SCHEDULED_DECISION_DATE,5.75,5.5,-25.0,CUT,True
1996-01-31,1996-01-31,FOMC_SCHEDULED_DECISION_DATE,5.5,5.25,-25.0,CUT,True
1997-03-25,1997-03-25,FOMC_SCHEDULED_DECISION_DATE,5.25,5.5,25.0,HIKE,True
1998-09-29,1998-09-29,FOMC_SCHEDULED_DECISION_DATE,5.5,5.25,-25.0,CUT,True
1998-10-15,1998-10-15,TARGET_EFFECTIVE_DATE_UNSCHEDULED_CANDIDATE,5.25,5.0,-25.0,CUT,False
1998-11-17,1998-11-17,FOMC_SCHEDULED_DECISION_DATE,5.0,4.75,-25.0,CUT,True
1999-06-30,1999-06-30,FOMC_SCHEDULED_DECISION_DATE,4.75,5.0,25.0,HIKE,True
1999-08-24,1999-08-24,FOMC_SCHEDULED_DECISION_DATE,5.0,5.25,25.0,HIKE,True
1999-11-16,1999-11-16,FOMC_SCHEDULED_DECISION_DATE,5.25,5.5,25.0,HIKE,True
2000-02-02,2000-02-02,FOMC_SCHEDULED_DECISION_DATE,5.5,5.75,25.0,HIKE,True
2000-03-21,2000-03-21,FOMC_SCHEDULED_DECISION_DATE,5.75,6.0,25.0,HIKE,True
2000-05-16,2000-05-16,FOMC_SCHEDULED_DECISION_DATE,6.0,6.5,50.0,HIKE,True
2001-01-03,2001-01-03,TARGET_EFFECTIVE_DATE_UNSCHEDULED_CANDIDATE,6.5,6.0,-50.0,CUT,False
2001-01-31,2001-01-31,FOMC_SCHEDULED_DECISION_DATE,6.0,5.5,-50.0,CUT,True
2001-03-20,2001-03-20,FOMC_SCHEDULED_DECISION_DATE,5.5,5.0,-50.0,CUT,True
2001-04-18,2001-04-18,TARGET_EFFECTIVE_DATE_UNSCHEDULED_CANDIDATE,5.0,4.5,-50.0,CUT,False
2001-05-15,2001-05-15,FOMC_SCHEDULED_DECISION_DATE,4.5,4.0,-50.0,CUT,True
2001-06-27,2001-06-27,FOMC_SCHEDULED_DECISION_DATE,4.0,3.75,-25.0,CUT,True
2001-08-21,2001-08-21,FOMC_SCHEDULED_DECISION_DATE,3.75,3.5,-25.0,CUT,True
2001-09-17,2001-09-17,TARGET_EFFECTIVE_DATE_UNSCHEDULED_CANDIDATE,3.5,3.0,-50.0,CUT,False
2001-10-02,2001-10-02,FOMC_SCHEDULED_DECISION_DATE,3.0,2.5,-50.0,CUT,True
2001-11-06,2001-11-06,FOMC_SCHEDULED_DECISION_DATE,2.5,2.0,-50.0,CUT,True
2001-12-11,2001-12-11,FOMC_SCHEDULED_DECISION_DATE,2.0,1.75,-25.0,CUT,True
2002-11-06,2002-11-06,FOMC_SCHEDULED_DECISION_DATE,1.75,1.25,-50.0,CUT,True
2003-06-25,2003-06-25,FOMC_SCHEDULED_DECISION_DATE,1.25,1.0,-25.0,CUT,True
2004-06-30,2004-06-30,FOMC_SCHEDULED_DECISION_DATE,1.0,1.25,25.0,HIKE,True
2004-08-10,2004-08-10,FOMC_SCHEDULED_DECISION_DATE,1.25,1.5,25.0,HIKE,True
2004-09-21,2004-09-21,FOMC_SCHEDULED_DECISION_DATE,1.5,1.75,25.0,HIKE,True
2004-11-10,2004-11-10,FOMC_SCHEDULED_DECISION_DATE,1.75,2.0,25.0,HIKE,True
2004-12-14,2004-12-14,FOMC_SCHEDULED_DECISION_DATE,2.0,2.25,25.0,HIKE,True
2005-02-02,2005-02-02,FOMC_SCHEDULED_DECISION_DATE,2.25,2.5,25.0,HIKE,True
2005-03-22,2005-03-22,FOMC_SCHEDULED_DECISION_DATE,2.5,2.75,25.0,HIKE,True
2005-05-03,2005-05-03,FOMC_SCHEDULED_DECISION_DATE,2.75,3.0,25.0,HIKE,True
2005-06-30,2005-06-30,FOMC_SCHEDULED_DECISION_DATE,3.0,3.25,25.0,HIKE,True
2005-08-09,2005-08-09,FOMC_SCHEDULED_DECISION_DATE,3.25,3.5,25.0,HIKE,True
2005-09-20,2005-09-20,FOMC_SCHEDULED_DECISION_DATE,3.5,3.75,25.0,HIKE,True
2005-11-01,2005-11-01,FOMC_SCHEDULED_DECISION_DATE,3.75,4.0,25.0,HIKE,True
2005-12-13,2005-12-13,FOMC_SCHEDULED_DECISION_DATE,4.0,4.25,25.0,HIKE,True
2006-01-31,2006-01-31,FOMC_SCHEDULED_DECISION_DATE,4.25,4.5,25.0,HIKE,True
2006-03-28,2006-03-28,FOMC_SCHEDULED_DECISION_DATE,4.5,4.75,25.0,HIKE,True
2006-05-10,2006-05-10,FOMC_SCHEDULED_DECISION_DATE,4.75,5.0,25.0,HIKE,True
2006-06-29,2006-06-29,FOMC_SCHEDULED_DECISION_DATE,5.0,5.25,25.0,HIKE,True
2007-09-18,2007-09-18,FOMC_SCHEDULED_DECISION_DATE,5.25,4.75,-50.0,CUT,True
2007-10-31,2007-10-31,FOMC_SCHEDULED_DECISION_DATE,4.75,4.5,-25.0,CUT,True
2007-12-11,2007-12-11,FOMC_SCHEDULED_DECISION_DATE,4.5,4.25,-25.0,CUT,True
2008-01-22,2008-01-22,TARGET_EFFECTIVE_DATE_UNSCHEDULED_CANDIDATE,4.25,3.5,-75.0,CUT,False
2008-01-30,2008-01-30,FOMC_SCHEDULED_DECISION_DATE,3.5,3.0,-50.0,CUT,True
2008-03-18,2008-03-18,FOMC_SCHEDULED_DECISION_DATE,3.0,2.25,-75.0,CUT,True
2008-04-30,2008-04-30,FOMC_SCHEDULED_DECISION_DATE,2.25,2.0,-25.0,CUT,True
2008-10-08,2008-10-08,TARGET_EFFECTIVE_DATE_UNSCHEDULED_CANDIDATE,2.0,1.5,-50.0,CUT,False
2008-10-29,2008-10-29,FOMC_SCHEDULED_DECISION_DATE,1.5,1.0,-50.0,CUT,True
2008-12-16,2008-12-16,FOMC_SCHEDULED_DECISION_DATE,1.0,0.125,-87.5,CUT,True
2015-12-16,2015-12-16,FOMC_SCHEDULED_DECISION_DATE,0.125,0.375,25.0,HIKE,True
2016-12-14,2016-12-14,FOMC_SCHEDULED_DECISION_DATE,0.375,0.625,25.0,HIKE,True
2017-03-16,2017-03-15,FOMC_SCHEDULED_DECISION_DATE,0.625,0.875,25.0,HIKE,True
2017-06-15,2017-06-14,FOMC_SCHEDULED_DECISION_DATE,0.875,1.125,25.0,HIKE,True
2017-12-14,2017-12-13,FOMC_SCHEDULED_DECISION_DATE,1.125,1.375,25.0,HIKE,True
2018-03-22,2018-03-21,FOMC_SCHEDULED_DECISION_DATE,1.375,1.625,25.0,HIKE,True
2018-06-14,2018-06-13,FOMC_SCHEDULED_DECISION_DATE,1.625,1.875,25.0,HIKE,True
2018-09-27,2018-09-26,FOMC_SCHEDULED_DECISION_DATE,1.875,2.125,25.0,HIKE,True
2018-12-20,2018-12-19,FOMC_SCHEDULED_DECISION_DATE,2.125,2.375,25.0,HIKE,True
2019-08-01,2019-07-31,FOMC_SCHEDULED_DECISION_DATE,2.375,2.125,-25.0,CUT,True
2019-09-19,2019-09-18,FOMC_SCHEDULED_DECISION_DATE,2.125,1.875,-25.0,CUT,True
2019-10-31,2019-10-30,FOMC_SCHEDULED_DECISION_DATE,1.875,1.625,-25.0,CUT,True
2020-03-04,2020-03-04,TARGET_EFFECTIVE_DATE_UNSCHEDULED_CANDIDATE,1.625,1.125,-50.0,CUT,False
2020-03-16,2020-03-16,TARGET_EFFECTIVE_DATE_UNSCHEDULED_CANDIDATE,1.125,0.125,-100.0,CUT,False
2022-03-17,2022-03-16,FOMC_SCHEDULED_DECISION_DATE,0.125,0.375,25.0,HIKE,True
2022-05-05,2022-05-04,FOMC_SCHEDULED_DECISION_DATE,0.375,0.875,50.0,HIKE,True
2022-06-16,2022-06-15,FOMC_SCHEDULED_DECISION_DATE,0.875,1.625,75.0,HIKE,True
2022-07-28,2022-07-27,FOMC_SCHEDULED_DECISION_DATE,1.625,2.375,75.0,HIKE,True
2022-09-22,2022-09-21,FOMC_SCHEDULED_DECISION_DATE,2.375,3.125,75.0,HIKE,True
2022-11-03,2022-11-02,FOMC_SCHEDULED_DECISION_DATE,3.125,3.875,75.0,HIKE,True
2022-12-15,2022-12-14,FOMC_SCHEDULED_DECISION_DATE,3.875,4.375,50.0,HIKE,True
2023-02-02,2023-02-01,FOMC_SCHEDULED_DECISION_DATE,4.375,4.625,25.0,HIKE,True
2023-03-23,2023-03-22,FOMC_SCHEDULED_DECISION_DATE,4.625,4.875,25.0,HIKE,True
2023-05-04,2023-05-03,FOMC_SCHEDULED_DECISION_DATE,4.875,5.125,25.0,HIKE,True
2023-07-27,2023-07-26,FOMC_SCHEDULED_DECISION_DATE,5.125,5.375,25.0,HIKE,True
2024-09-19,2024-09-18,FOMC_SCHEDULED_DECISION_DATE,5.375,4.875,-50.0,CUT,True
2024-11-08,2024-11-07,FOMC_SCHEDULED_DECISION_DATE,4.875,4.625,-25.0,CUT,True
2024-12-19,2024-12-18,FOMC_SCHEDULED_DECISION_DATE,4.625,4.375,-25.0,CUT,True
2025-09-18,2025-09-17,FOMC_SCHEDULED_DECISION_DATE,4.375,4.125,-25.0,CUT,True
2025-10-30,2025-10-29,FOMC_SCHEDULED_DECISION_DATE,4.125,3.875,-25.0,CUT,True
2025-12-11,2025-12-10,FOMC_SCHEDULED_DECISION_DATE,3.875,3.625,-25.0,CUT,True
2026-09-17,2026-09-16,FOMC_SCHEDULED_DECISION_DATE,3.625,3.875,25.0,HIKE,True
