claim_id,claim_family,claim_status,title_short,canonical_wording,asset,phase,broad_episode_id,metric_payload,sample_descriptor,support_status,evidence_class,evidence_time,source_modules,source_files,official_source_urls,allowed_wording,prohibited_wording,freshness_rule,figure_key,content_tags,causal_status,oos_status,deployment_status
CLM-PHASE-DXY-FIRST_HIKE,CORE_PHASE_DISTRIBUTION,CANONICAL_PUBLIC_SAFE,DXY × FIRST_HIKE historical path,"Across the supported historical broad-episode sample, DXY around FIRST_HIKE had a broad-episode-weighted median +12M endpoint of +3.01%, a 12M maximum-drawdown magnitude of 8.24%, a median drawdown trough in month 8, and an anchor-to-full-recovery Kaplan-Meier median of 17 months.",DXY,FIRST_HIKE,,"{""ret_12m"":0.0300943318593793,""path_risk_metric"":""MDD_12M"",""path_risk_value"":0.0824487330467255,""trough_month"":8.0,""anchor_to_full_recovery_months"":17.0,""n_legs"":10,""n_broad_episodes"":7}",10 mechanical legs / 7 broad episodes,SUPPORTED_DESCRIPTIVE,DESCRIPTIVE,DESCRIPTIVE_PATH,FED-CYCLE-CROSS-ASSET-MASTER-SYNTHESIS-021|CROSS-ASSET-EXPANSION-014|FED-CYCLE-TOTAL-RISK-CLOCK-017,results/fed_cycle_cross_asset_master_synthesis_v1/MASTER_ASSET_PHASE_MAP.csv,N/A_REPO_DERIVED,Use as a historical descriptive distribution with sample/support stated or available; endpoint and path risk must remain distinct.,Do not say the Fed phase caused the return; do not call the trough month a forecast; do not convert the median into a trading/allocation instruction.,STATIC_UNLESS_UPSTREAM_REBUILT,FIG-PHASE-DXY-FIRST_HIKE,LONG_VIDEO|DEEP_ARTICLE|IMAGE_CARD|PANDAAI,NONE,NOT_A_FORECASTING_MODEL,NOT_DEPLOYABLE
CLM-PHASE-DXY-LAST_HIKE,CORE_PHASE_DISTRIBUTION,CANONICAL_PUBLIC_SAFE,DXY × LAST_HIKE historical path,"Across the supported historical broad-episode sample, DXY around LAST_HIKE had a broad-episode-weighted median +12M endpoint of -1.26%, a 12M maximum-drawdown magnitude of 5.18%, a median drawdown trough in month 8, and an anchor-to-full-recovery Kaplan-Meier median of 15 months.",DXY,LAST_HIKE,,"{""ret_12m"":-0.0125548033710372,""path_risk_metric"":""MDD_12M"",""path_risk_value"":0.0518178888671605,""trough_month"":8.0,""anchor_to_full_recovery_months"":15.0,""n_legs"":10,""n_broad_episodes"":7}",10 mechanical legs / 7 broad episodes,SUPPORTED_DESCRIPTIVE,DESCRIPTIVE,DESCRIPTIVE_PATH,FED-CYCLE-CROSS-ASSET-MASTER-SYNTHESIS-021|CROSS-ASSET-EXPANSION-014|FED-CYCLE-TOTAL-RISK-CLOCK-017,results/fed_cycle_cross_asset_master_synthesis_v1/MASTER_ASSET_PHASE_MAP.csv,N/A_REPO_DERIVED,Use as a historical descriptive distribution with sample/support stated or available; endpoint and path risk must remain distinct.,Do not say the Fed phase caused the return; do not call the trough month a forecast; do not convert the median into a trading/allocation instruction.,STATIC_UNLESS_UPSTREAM_REBUILT,FIG-PHASE-DXY-LAST_HIKE,LONG_VIDEO|DEEP_ARTICLE|IMAGE_CARD|PANDAAI,NONE,NOT_A_FORECASTING_MODEL,NOT_DEPLOYABLE
CLM-PHASE-DXY-PAUSE_START,CORE_PHASE_DISTRIBUTION,CANONICAL_PUBLIC_SAFE,DXY × PAUSE_START historical path,"Across the supported historical broad-episode sample, DXY around PAUSE_START had a broad-episode-weighted median +12M endpoint of -1.26%, a 12M maximum-drawdown magnitude of 6.30%, a median drawdown trough in month 11, and an anchor-to-full-recovery Kaplan-Meier median of 13 months.",DXY,PAUSE_START,,"{""ret_12m"":-0.0125548033710372,""path_risk_metric"":""MDD_12M"",""path_risk_value"":0.0629968757297827,""trough_month"":11.0,""anchor_to_full_recovery_months"":13.0,""n_legs"":7,""n_broad_episodes"":7}",7 mechanical legs / 7 broad episodes,SUPPORTED_DESCRIPTIVE,DESCRIPTIVE,DESCRIPTIVE_PATH,FED-CYCLE-CROSS-ASSET-MASTER-SYNTHESIS-021|CROSS-ASSET-EXPANSION-014|FED-CYCLE-TOTAL-RISK-CLOCK-017,results/fed_cycle_cross_asset_master_synthesis_v1/MASTER_ASSET_PHASE_MAP.csv,N/A_REPO_DERIVED,Use as a historical descriptive distribution with sample/support stated or available; endpoint and path risk must remain distinct.,Do not say the Fed phase caused the return; do not call the trough month a forecast; do not convert the median into a trading/allocation instruction.,STATIC_UNLESS_UPSTREAM_REBUILT,FIG-PHASE-DXY-PAUSE_START,LONG_VIDEO|DEEP_ARTICLE|IMAGE_CARD|PANDAAI,NONE,NOT_A_FORECASTING_MODEL,NOT_DEPLOYABLE
CLM-PHASE-DXY-FIRST_CUT,CORE_PHASE_DISTRIBUTION,CANONICAL_PUBLIC_SAFE,DXY × FIRST_CUT historical path,"Across the supported historical broad-episode sample, DXY around FIRST_CUT had a broad-episode-weighted median +12M endpoint of -1.33%, a 12M maximum-drawdown magnitude of 5.18%, a median drawdown trough in month 8, and an anchor-to-full-recovery Kaplan-Meier median of 13 months.",DXY,FIRST_CUT,,"{""ret_12m"":-0.0133300562184216,""path_risk_metric"":""MDD_12M"",""path_risk_value"":0.0518178888671605,""trough_month"":8.0,""anchor_to_full_recovery_months"":13.0,""n_legs"":10,""n_broad_episodes"":7}",10 mechanical legs / 7 broad episodes,SUPPORTED_DESCRIPTIVE,DESCRIPTIVE,DESCRIPTIVE_PATH,FED-CYCLE-CROSS-ASSET-MASTER-SYNTHESIS-021|CROSS-ASSET-EXPANSION-014|FED-CYCLE-TOTAL-RISK-CLOCK-017,results/fed_cycle_cross_asset_master_synthesis_v1/MASTER_ASSET_PHASE_MAP.csv,N/A_REPO_DERIVED,Use as a historical descriptive distribution with sample/support stated or available; endpoint and path risk must remain distinct.,Do not say the Fed phase caused the return; do not call the trough month a forecast; do not convert the median into a trading/allocation instruction.,STATIC_UNLESS_UPSTREAM_REBUILT,FIG-PHASE-DXY-FIRST_CUT,LONG_VIDEO|DEEP_ARTICLE|IMAGE_CARD|PANDAAI|VIDEO_HOOK|SHORT_VIDEO|MYTH_VS_EVIDENCE,NONE,NOT_A_FORECASTING_MODEL,NOT_DEPLOYABLE
CLM-PHASE-GOLD-FIRST_HIKE,CORE_PHASE_DISTRIBUTION,CANONICAL_PUBLIC_SAFE,GOLD × FIRST_HIKE historical path,"Across the supported historical broad-episode sample, GOLD around FIRST_HIKE had a broad-episode-weighted median +12M endpoint of +3.07%, a 12M maximum-drawdown magnitude of 11.58%, a median drawdown trough in month 11, and an anchor-to-full-recovery Kaplan-Meier median of 30 months.",GOLD,FIRST_HIKE,,"{""ret_12m"":0.0307112068965518,""path_risk_metric"":""MDD_12M"",""path_risk_value"":0.1157556270096462,""trough_month"":11.0,""anchor_to_full_recovery_months"":30.0,""n_legs"":10,""n_broad_episodes"":7}",10 mechanical legs / 7 broad episodes,PRIMARY_SUPPORTED,DESCRIPTIVE,DESCRIPTIVE_PATH,FED-CYCLE-CROSS-ASSET-MASTER-SYNTHESIS-021|PHASE-CLOCK-004|FED-CYCLE-TOTAL-RISK-CLOCK-017,results/fed_cycle_cross_asset_master_synthesis_v1/MASTER_ASSET_PHASE_MAP.csv,N/A_REPO_DERIVED,Use as a historical descriptive distribution with sample/support stated or available; endpoint and path risk must remain distinct.,Do not say the Fed phase caused the return; do not call the trough month a forecast; do not convert the median into a trading/allocation instruction.,STATIC_UNLESS_UPSTREAM_REBUILT,FIG-PHASE-GOLD-FIRST_HIKE,LONG_VIDEO|DEEP_ARTICLE|IMAGE_CARD|PANDAAI,NONE,NOT_A_FORECASTING_MODEL,NOT_DEPLOYABLE
CLM-PHASE-GOLD-LAST_HIKE,CORE_PHASE_DISTRIBUTION,CANONICAL_PUBLIC_SAFE,GOLD × LAST_HIKE historical path,"Across the supported historical broad-episode sample, GOLD around LAST_HIKE had a broad-episode-weighted median +12M endpoint of -2.81%, a 12M maximum-drawdown magnitude of 9.09%, a median drawdown trough in month 6, and an anchor-to-full-recovery Kaplan-Meier median of 11 months.",GOLD,LAST_HIKE,,"{""ret_12m"":-0.0281481481481481,""path_risk_metric"":""MDD_12M"",""path_risk_value"":0.0909090909090909,""trough_month"":6.0,""anchor_to_full_recovery_months"":11.0,""n_legs"":10,""n_broad_episodes"":7}",10 mechanical legs / 7 broad episodes,PRIMARY_SUPPORTED,DESCRIPTIVE,DESCRIPTIVE_PATH,FED-CYCLE-CROSS-ASSET-MASTER-SYNTHESIS-021|PHASE-CLOCK-004|FED-CYCLE-TOTAL-RISK-CLOCK-017,results/fed_cycle_cross_asset_master_synthesis_v1/MASTER_ASSET_PHASE_MAP.csv,N/A_REPO_DERIVED,Use as a historical descriptive distribution with sample/support stated or available; endpoint and path risk must remain distinct.,Do not say the Fed phase caused the return; do not call the trough month a forecast; do not convert the median into a trading/allocation instruction.,STATIC_UNLESS_UPSTREAM_REBUILT,FIG-PHASE-GOLD-LAST_HIKE,LONG_VIDEO|DEEP_ARTICLE|IMAGE_CARD|PANDAAI,NONE,NOT_A_FORECASTING_MODEL,NOT_DEPLOYABLE
CLM-PHASE-GOLD-PAUSE_START,CORE_PHASE_DISTRIBUTION,CANONICAL_PUBLIC_SAFE,GOLD × PAUSE_START historical path,"Across the supported historical broad-episode sample, GOLD around PAUSE_START had a broad-episode-weighted median +12M endpoint of +4.89%, a 12M maximum-drawdown magnitude of 7.57%, a median drawdown trough in month 9, and an anchor-to-full-recovery Kaplan-Meier median of 15 months.",GOLD,PAUSE_START,,"{""ret_12m"":0.0488958990536276,""path_risk_metric"":""MDD_12M"",""path_risk_value"":0.0757097791798107,""trough_month"":9.0,""anchor_to_full_recovery_months"":15.0,""n_legs"":7,""n_broad_episodes"":7}",7 mechanical legs / 7 broad episodes,PRIMARY_SUPPORTED,DESCRIPTIVE,DESCRIPTIVE_PATH,FED-CYCLE-CROSS-ASSET-MASTER-SYNTHESIS-021|PHASE-CLOCK-004|FED-CYCLE-TOTAL-RISK-CLOCK-017,results/fed_cycle_cross_asset_master_synthesis_v1/MASTER_ASSET_PHASE_MAP.csv,N/A_REPO_DERIVED,Use as a historical descriptive distribution with sample/support stated or available; endpoint and path risk must remain distinct.,Do not say the Fed phase caused the return; do not call the trough month a forecast; do not convert the median into a trading/allocation instruction.,STATIC_UNLESS_UPSTREAM_REBUILT,FIG-PHASE-GOLD-PAUSE_START,LONG_VIDEO|DEEP_ARTICLE|IMAGE_CARD|PANDAAI,NONE,NOT_A_FORECASTING_MODEL,NOT_DEPLOYABLE
CLM-PHASE-GOLD-FIRST_CUT,CORE_PHASE_DISTRIBUTION,CANONICAL_PUBLIC_SAFE,GOLD × FIRST_CUT historical path,"Across the supported historical broad-episode sample, GOLD around FIRST_CUT had a broad-episode-weighted median +12M endpoint of +4.06%, a 12M maximum-drawdown magnitude of 5.43%, a median drawdown trough in month 5, and an anchor-to-full-recovery Kaplan-Meier median of 22 months.",GOLD,FIRST_CUT,,"{""ret_12m"":0.0405904059040589,""path_risk_metric"":""MDD_12M"",""path_risk_value"":0.054320987654321,""trough_month"":5.0,""anchor_to_full_recovery_months"":22.0,""n_legs"":10,""n_broad_episodes"":7}",10 mechanical legs / 7 broad episodes,PRIMARY_SUPPORTED,DESCRIPTIVE,DESCRIPTIVE_PATH,FED-CYCLE-CROSS-ASSET-MASTER-SYNTHESIS-021|PHASE-CLOCK-004|FED-CYCLE-TOTAL-RISK-CLOCK-017,results/fed_cycle_cross_asset_master_synthesis_v1/MASTER_ASSET_PHASE_MAP.csv,N/A_REPO_DERIVED,Use as a historical descriptive distribution with sample/support stated or available; endpoint and path risk must remain distinct.,Do not say the Fed phase caused the return; do not call the trough month a forecast; do not convert the median into a trading/allocation instruction.,STATIC_UNLESS_UPSTREAM_REBUILT,FIG-PHASE-GOLD-FIRST_CUT,LONG_VIDEO|DEEP_ARTICLE|IMAGE_CARD|PANDAAI|VIDEO_HOOK|SHORT_VIDEO|MYTH_VS_EVIDENCE,NONE,NOT_A_FORECASTING_MODEL,NOT_DEPLOYABLE
CLM-PHASE-NASDAQ-FIRST_HIKE,CORE_PHASE_DISTRIBUTION,CANONICAL_PUBLIC_SAFE,NASDAQ × FIRST_HIKE historical path,"Across the supported historical broad-episode sample, NASDAQ around FIRST_HIKE had a broad-episode-weighted median +12M endpoint of +6.50%, a 12M maximum-drawdown magnitude of 12.18%, a median drawdown trough in month 7, and an anchor-to-full-recovery Kaplan-Meier median of 14 months.",NASDAQ,FIRST_HIKE,,"{""ret_12m"":0.0650484365574801,""path_risk_metric"":""MDD_12M"",""path_risk_value"":0.1218495988446647,""trough_month"":7.0,""anchor_to_full_recovery_months"":14.0,""n_legs"":10,""n_broad_episodes"":7}",10 mechanical legs / 7 broad episodes,PRIMARY_SUPPORTED,DESCRIPTIVE,DESCRIPTIVE_PATH,FED-CYCLE-CROSS-ASSET-MASTER-SYNTHESIS-021|PHASE-CLOCK-004|FED-CYCLE-TOTAL-RISK-CLOCK-017,results/fed_cycle_cross_asset_master_synthesis_v1/MASTER_ASSET_PHASE_MAP.csv,N/A_REPO_DERIVED,Use as a historical descriptive distribution with sample/support stated or available; endpoint and path risk must remain distinct.,Do not say the Fed phase caused the return; do not call the trough month a forecast; do not convert the median into a trading/allocation instruction.,STATIC_UNLESS_UPSTREAM_REBUILT,FIG-PHASE-NASDAQ-FIRST_HIKE,LONG_VIDEO|DEEP_ARTICLE|IMAGE_CARD|PANDAAI,NONE,NOT_A_FORECASTING_MODEL,NOT_DEPLOYABLE
CLM-PHASE-NASDAQ-LAST_HIKE,CORE_PHASE_DISTRIBUTION,CANONICAL_PUBLIC_SAFE,NASDAQ × LAST_HIKE historical path,"Across the supported historical broad-episode sample, NASDAQ around LAST_HIKE had a broad-episode-weighted median +12M endpoint of +15.59%, a 12M maximum-drawdown magnitude of 4.00%, a median drawdown trough in month 8, and an anchor-to-full-recovery Kaplan-Meier median of 11 months.",NASDAQ,LAST_HIKE,,"{""ret_12m"":0.1559333752490312,""path_risk_metric"":""MDD_12M"",""path_risk_value"":0.0400497902086219,""trough_month"":8.0,""anchor_to_full_recovery_months"":11.0,""n_legs"":10,""n_broad_episodes"":7}",10 mechanical legs / 7 broad episodes,PRIMARY_SUPPORTED,DESCRIPTIVE,DESCRIPTIVE_PATH,FED-CYCLE-CROSS-ASSET-MASTER-SYNTHESIS-021|PHASE-CLOCK-004|FED-CYCLE-TOTAL-RISK-CLOCK-017,results/fed_cycle_cross_asset_master_synthesis_v1/MASTER_ASSET_PHASE_MAP.csv,N/A_REPO_DERIVED,Use as a historical descriptive distribution with sample/support stated or available; endpoint and path risk must remain distinct.,Do not say the Fed phase caused the return; do not call the trough month a forecast; do not convert the median into a trading/allocation instruction.,STATIC_UNLESS_UPSTREAM_REBUILT,FIG-PHASE-NASDAQ-LAST_HIKE,LONG_VIDEO|DEEP_ARTICLE|IMAGE_CARD|PANDAAI,NONE,NOT_A_FORECASTING_MODEL,NOT_DEPLOYABLE
CLM-PHASE-NASDAQ-PAUSE_START,CORE_PHASE_DISTRIBUTION,CANONICAL_PUBLIC_SAFE,NASDAQ × PAUSE_START historical path,"Across the supported historical broad-episode sample, NASDAQ around PAUSE_START had a broad-episode-weighted median +12M endpoint of +28.09%, a 12M maximum-drawdown magnitude of 4.00%, a median drawdown trough in month 7, and an anchor-to-full-recovery Kaplan-Meier median of 10 months.",NASDAQ,PAUSE_START,,"{""ret_12m"":0.2809224830148513,""path_risk_metric"":""MDD_12M"",""path_risk_value"":0.0400497902086219,""trough_month"":7.0,""anchor_to_full_recovery_months"":10.0,""n_legs"":7,""n_broad_episodes"":7}",7 mechanical legs / 7 broad episodes,PRIMARY_SUPPORTED,DESCRIPTIVE,DESCRIPTIVE_PATH,FED-CYCLE-CROSS-ASSET-MASTER-SYNTHESIS-021|PHASE-CLOCK-004|FED-CYCLE-TOTAL-RISK-CLOCK-017,results/fed_cycle_cross_asset_master_synthesis_v1/MASTER_ASSET_PHASE_MAP.csv,N/A_REPO_DERIVED,Use as a historical descriptive distribution with sample/support stated or available; endpoint and path risk must remain distinct.,Do not say the Fed phase caused the return; do not call the trough month a forecast; do not convert the median into a trading/allocation instruction.,STATIC_UNLESS_UPSTREAM_REBUILT,FIG-PHASE-NASDAQ-PAUSE_START,LONG_VIDEO|DEEP_ARTICLE|IMAGE_CARD|PANDAAI,NONE,NOT_A_FORECASTING_MODEL,NOT_DEPLOYABLE
CLM-PHASE-NASDAQ-FIRST_CUT,CORE_PHASE_DISTRIBUTION,CANONICAL_PUBLIC_SAFE,NASDAQ × FIRST_CUT historical path,"Across the supported historical broad-episode sample, NASDAQ around FIRST_CUT had a broad-episode-weighted median +12M endpoint of +6.04%, a 12M maximum-drawdown magnitude of 17.48%, a median drawdown trough in month 8, and an anchor-to-full-recovery Kaplan-Meier median of 15 months.",NASDAQ,FIRST_CUT,,"{""ret_12m"":0.0603518810736396,""path_risk_metric"":""MDD_12M"",""path_risk_value"":0.1748242325021655,""trough_month"":8.0,""anchor_to_full_recovery_months"":15.0,""n_legs"":10,""n_broad_episodes"":7}",10 mechanical legs / 7 broad episodes,PRIMARY_SUPPORTED,DESCRIPTIVE,DESCRIPTIVE_PATH,FED-CYCLE-CROSS-ASSET-MASTER-SYNTHESIS-021|PHASE-CLOCK-004|FED-CYCLE-TOTAL-RISK-CLOCK-017,results/fed_cycle_cross_asset_master_synthesis_v1/MASTER_ASSET_PHASE_MAP.csv,N/A_REPO_DERIVED,Use as a historical descriptive distribution with sample/support stated or available; endpoint and path risk must remain distinct.,Do not say the Fed phase caused the return; do not call the trough month a forecast; do not convert the median into a trading/allocation instruction.,STATIC_UNLESS_UPSTREAM_REBUILT,FIG-PHASE-NASDAQ-FIRST_CUT,LONG_VIDEO|DEEP_ARTICLE|IMAGE_CARD|PANDAAI|VIDEO_HOOK|SHORT_VIDEO|MYTH_VS_EVIDENCE,NONE,NOT_A_FORECASTING_MODEL,NOT_DEPLOYABLE
CLM-PHASE-SP500-FIRST_HIKE,CORE_PHASE_DISTRIBUTION,CANONICAL_PUBLIC_SAFE,SP500 × FIRST_HIKE historical path,"Across the supported historical broad-episode sample, SP500 around FIRST_HIKE had a broad-episode-weighted median +12M endpoint of +7.98%, a 12M maximum-drawdown magnitude of 5.86%, a median drawdown trough in month 4, and an anchor-to-full-recovery Kaplan-Meier median of 12 months.",SP500,FIRST_HIKE,,"{""ret_12m"":0.0797900725775262,""path_risk_metric"":""MDD_12M"",""path_risk_value"":0.0586390864419136,""trough_month"":4.0,""anchor_to_full_recovery_months"":12.0,""n_legs"":10,""n_broad_episodes"":7}",10 mechanical legs / 7 broad episodes,PRIMARY_SUPPORTED,DESCRIPTIVE,DESCRIPTIVE_PATH,FED-CYCLE-CROSS-ASSET-MASTER-SYNTHESIS-021|PHASE-CLOCK-004|FED-CYCLE-TOTAL-RISK-CLOCK-017,results/fed_cycle_cross_asset_master_synthesis_v1/MASTER_ASSET_PHASE_MAP.csv,N/A_REPO_DERIVED,Use as a historical descriptive distribution with sample/support stated or available; endpoint and path risk must remain distinct.,Do not say the Fed phase caused the return; do not call the trough month a forecast; do not convert the median into a trading/allocation instruction.,STATIC_UNLESS_UPSTREAM_REBUILT,FIG-PHASE-SP500-FIRST_HIKE,LONG_VIDEO|DEEP_ARTICLE|IMAGE_CARD|PANDAAI,NONE,NOT_A_FORECASTING_MODEL,NOT_DEPLOYABLE
CLM-PHASE-SP500-LAST_HIKE,CORE_PHASE_DISTRIBUTION,CANONICAL_PUBLIC_SAFE,SP500 × LAST_HIKE historical path,"Across the supported historical broad-episode sample, SP500 around LAST_HIKE had a broad-episode-weighted median +12M endpoint of +16.65%, a 12M maximum-drawdown magnitude of 4.22%, a median drawdown trough in month 9, and an anchor-to-full-recovery Kaplan-Meier median of 12 months.",SP500,LAST_HIKE,,"{""ret_12m"":0.166536742336244,""path_risk_metric"":""MDD_12M"",""path_risk_value"":0.0421679614905226,""trough_month"":9.0,""anchor_to_full_recovery_months"":12.0,""n_legs"":10,""n_broad_episodes"":7}",10 mechanical legs / 7 broad episodes,PRIMARY_SUPPORTED,DESCRIPTIVE,DESCRIPTIVE_PATH,FED-CYCLE-CROSS-ASSET-MASTER-SYNTHESIS-021|PHASE-CLOCK-004|FED-CYCLE-TOTAL-RISK-CLOCK-017,results/fed_cycle_cross_asset_master_synthesis_v1/MASTER_ASSET_PHASE_MAP.csv,N/A_REPO_DERIVED,Use as a historical descriptive distribution with sample/support stated or available; endpoint and path risk must remain distinct.,Do not say the Fed phase caused the return; do not call the trough month a forecast; do not convert the median into a trading/allocation instruction.,STATIC_UNLESS_UPSTREAM_REBUILT,FIG-PHASE-SP500-LAST_HIKE,LONG_VIDEO|DEEP_ARTICLE|IMAGE_CARD|PANDAAI,NONE,NOT_A_FORECASTING_MODEL,NOT_DEPLOYABLE
CLM-PHASE-SP500-PAUSE_START,CORE_PHASE_DISTRIBUTION,CANONICAL_PUBLIC_SAFE,SP500 × PAUSE_START historical path,"Across the supported historical broad-episode sample, SP500 around PAUSE_START had a broad-episode-weighted median +12M endpoint of +24.64%, a 12M maximum-drawdown magnitude of 4.22%, a median drawdown trough in month 9, and an anchor-to-full-recovery Kaplan-Meier median of 14 months.",SP500,PAUSE_START,,"{""ret_12m"":0.2464173758601808,""path_risk_metric"":""MDD_12M"",""path_risk_value"":0.0421679614905226,""trough_month"":9.0,""anchor_to_full_recovery_months"":14.0,""n_legs"":7,""n_broad_episodes"":7}",7 mechanical legs / 7 broad episodes,PRIMARY_SUPPORTED,DESCRIPTIVE,DESCRIPTIVE_PATH,FED-CYCLE-CROSS-ASSET-MASTER-SYNTHESIS-021|PHASE-CLOCK-004|FED-CYCLE-TOTAL-RISK-CLOCK-017,results/fed_cycle_cross_asset_master_synthesis_v1/MASTER_ASSET_PHASE_MAP.csv,N/A_REPO_DERIVED,Use as a historical descriptive distribution with sample/support stated or available; endpoint and path risk must remain distinct.,Do not say the Fed phase caused the return; do not call the trough month a forecast; do not convert the median into a trading/allocation instruction.,STATIC_UNLESS_UPSTREAM_REBUILT,FIG-PHASE-SP500-PAUSE_START,LONG_VIDEO|DEEP_ARTICLE|IMAGE_CARD|PANDAAI,NONE,NOT_A_FORECASTING_MODEL,NOT_DEPLOYABLE
CLM-PHASE-SP500-FIRST_CUT,CORE_PHASE_DISTRIBUTION,CANONICAL_PUBLIC_SAFE,SP500 × FIRST_CUT historical path,"Across the supported historical broad-episode sample, SP500 around FIRST_CUT had a broad-episode-weighted median +12M endpoint of +10.98%, a 12M maximum-drawdown magnitude of 13.99%, a median drawdown trough in month 8, and an anchor-to-full-recovery Kaplan-Meier median of 14 months.",SP500,FIRST_CUT,,"{""ret_12m"":0.1098390609875281,""path_risk_metric"":""MDD_12M"",""path_risk_value"":0.1399472062006215,""trough_month"":8.0,""anchor_to_full_recovery_months"":14.0,""n_legs"":10,""n_broad_episodes"":7}",10 mechanical legs / 7 broad episodes,PRIMARY_SUPPORTED,DESCRIPTIVE,DESCRIPTIVE_PATH,FED-CYCLE-CROSS-ASSET-MASTER-SYNTHESIS-021|PHASE-CLOCK-004|FED-CYCLE-TOTAL-RISK-CLOCK-017,results/fed_cycle_cross_asset_master_synthesis_v1/MASTER_ASSET_PHASE_MAP.csv,N/A_REPO_DERIVED,Use as a historical descriptive distribution with sample/support stated or available; endpoint and path risk must remain distinct.,Do not say the Fed phase caused the return; do not call the trough month a forecast; do not convert the median into a trading/allocation instruction.,STATIC_UNLESS_UPSTREAM_REBUILT,FIG-PHASE-SP500-FIRST_CUT,LONG_VIDEO|DEEP_ARTICLE|IMAGE_CARD|PANDAAI|VIDEO_HOOK|SHORT_VIDEO|MYTH_VS_EVIDENCE,NONE,NOT_A_FORECASTING_MODEL,NOT_DEPLOYABLE
CLM-PHASE-WTI-FIRST_HIKE,CORE_PHASE_DISTRIBUTION,CANONICAL_PUBLIC_SAFE,WTI × FIRST_HIKE historical path,"Across the supported historical broad-episode sample, WTI around FIRST_HIKE had a broad-episode-weighted median +12M endpoint of +22.45%, a 12M maximum-drawdown magnitude of 18.79%, a median drawdown trough in month 10, and an anchor-to-full-recovery Kaplan-Meier median of 12 months.",WTI,FIRST_HIKE,,"{""ret_12m"":0.2244625488113891,""path_risk_metric"":""MDD_12M"",""path_risk_value"":0.1879130449451944,""trough_month"":10.0,""anchor_to_full_recovery_months"":12.0,""n_legs"":8,""n_broad_episodes"":6}",8 mechanical legs / 6 broad episodes,PRIMARY_SUPPORTED,DESCRIPTIVE,DESCRIPTIVE_PATH,FED-CYCLE-CROSS-ASSET-MASTER-SYNTHESIS-021|PHASE-CLOCK-004|FED-CYCLE-TOTAL-RISK-CLOCK-017,results/fed_cycle_cross_asset_master_synthesis_v1/MASTER_ASSET_PHASE_MAP.csv,N/A_REPO_DERIVED,Use as a historical descriptive distribution with sample/support stated or available; endpoint and path risk must remain distinct.,Do not say the Fed phase caused the return; do not call the trough month a forecast; do not convert the median into a trading/allocation instruction.,STATIC_UNLESS_UPSTREAM_REBUILT,FIG-PHASE-WTI-FIRST_HIKE,LONG_VIDEO|DEEP_ARTICLE|IMAGE_CARD|PANDAAI,NONE,NOT_A_FORECASTING_MODEL,NOT_DEPLOYABLE
CLM-PHASE-WTI-LAST_HIKE,CORE_PHASE_DISTRIBUTION,CANONICAL_PUBLIC_SAFE,WTI × LAST_HIKE historical path,"Across the supported historical broad-episode sample, WTI around LAST_HIKE had a broad-episode-weighted median +12M endpoint of +5.01%, a 12M maximum-drawdown magnitude of 19.60%, a median drawdown trough in month 7, and an anchor-to-full-recovery Kaplan-Meier median of 29 months.",WTI,LAST_HIKE,,"{""ret_12m"":0.0500876292128587,""path_risk_metric"":""MDD_12M"",""path_risk_value"":0.195974280123008,""trough_month"":7.0,""anchor_to_full_recovery_months"":29.0,""n_legs"":8,""n_broad_episodes"":6}",8 mechanical legs / 6 broad episodes,PRIMARY_SUPPORTED,DESCRIPTIVE,DESCRIPTIVE_PATH,FED-CYCLE-CROSS-ASSET-MASTER-SYNTHESIS-021|PHASE-CLOCK-004|FED-CYCLE-TOTAL-RISK-CLOCK-017,results/fed_cycle_cross_asset_master_synthesis_v1/MASTER_ASSET_PHASE_MAP.csv,N/A_REPO_DERIVED,Use as a historical descriptive distribution with sample/support stated or available; endpoint and path risk must remain distinct.,Do not say the Fed phase caused the return; do not call the trough month a forecast; do not convert the median into a trading/allocation instruction.,STATIC_UNLESS_UPSTREAM_REBUILT,FIG-PHASE-WTI-LAST_HIKE,LONG_VIDEO|DEEP_ARTICLE|IMAGE_CARD|PANDAAI,NONE,NOT_A_FORECASTING_MODEL,NOT_DEPLOYABLE
CLM-PHASE-WTI-PAUSE_START,CORE_PHASE_DISTRIBUTION,CANONICAL_PUBLIC_SAFE,WTI × PAUSE_START historical path,"Across the supported historical broad-episode sample, WTI around PAUSE_START had a broad-episode-weighted median +12M endpoint of -4.57%, a 12M maximum-drawdown magnitude of 17.99%, a median drawdown trough in month 9, and an anchor-to-full-recovery Kaplan-Meier median of 17 months.",WTI,PAUSE_START,,"{""ret_12m"":-0.0457145434704537,""path_risk_metric"":""MDD_12M"",""path_risk_value"":0.1798646597309875,""trough_month"":9.0,""anchor_to_full_recovery_months"":17.0,""n_legs"":6,""n_broad_episodes"":6}",6 mechanical legs / 6 broad episodes,PRIMARY_SUPPORTED,DESCRIPTIVE,DESCRIPTIVE_PATH,FED-CYCLE-CROSS-ASSET-MASTER-SYNTHESIS-021|PHASE-CLOCK-004|FED-CYCLE-TOTAL-RISK-CLOCK-017,results/fed_cycle_cross_asset_master_synthesis_v1/MASTER_ASSET_PHASE_MAP.csv,N/A_REPO_DERIVED,Use as a historical descriptive distribution with sample/support stated or available; endpoint and path risk must remain distinct.,Do not say the Fed phase caused the return; do not call the trough month a forecast; do not convert the median into a trading/allocation instruction.,STATIC_UNLESS_UPSTREAM_REBUILT,FIG-PHASE-WTI-PAUSE_START,LONG_VIDEO|DEEP_ARTICLE|IMAGE_CARD|PANDAAI,NONE,NOT_A_FORECASTING_MODEL,NOT_DEPLOYABLE
CLM-PHASE-WTI-FIRST_CUT,CORE_PHASE_DISTRIBUTION,CANONICAL_PUBLIC_SAFE,WTI × FIRST_CUT historical path,"Across the supported historical broad-episode sample, WTI around FIRST_CUT had a broad-episode-weighted median +12M endpoint of -16.94%, a 12M maximum-drawdown magnitude of 22.23%, a median drawdown trough in month 11, and an anchor-to-full-recovery Kaplan-Meier median of 20 months.",WTI,FIRST_CUT,,"{""ret_12m"":-0.1693535707285762,""path_risk_metric"":""MDD_12M"",""path_risk_value"":0.2223312988177045,""trough_month"":11.0,""anchor_to_full_recovery_months"":20.0,""n_legs"":8,""n_broad_episodes"":6}",8 mechanical legs / 6 broad episodes,PRIMARY_SUPPORTED,DESCRIPTIVE,DESCRIPTIVE_PATH,FED-CYCLE-CROSS-ASSET-MASTER-SYNTHESIS-021|PHASE-CLOCK-004|FED-CYCLE-TOTAL-RISK-CLOCK-017,results/fed_cycle_cross_asset_master_synthesis_v1/MASTER_ASSET_PHASE_MAP.csv,N/A_REPO_DERIVED,Use as a historical descriptive distribution with sample/support stated or available; endpoint and path risk must remain distinct.,Do not say the Fed phase caused the return; do not call the trough month a forecast; do not convert the median into a trading/allocation instruction.,STATIC_UNLESS_UPSTREAM_REBUILT,FIG-PHASE-WTI-FIRST_CUT,LONG_VIDEO|DEEP_ARTICLE|IMAGE_CARD|PANDAAI|VIDEO_HOOK|SHORT_VIDEO|MYTH_VS_EVIDENCE,NONE,NOT_A_FORECASTING_MODEL,NOT_DEPLOYABLE
CLM-CASE-B02,HISTORICAL_CASE,CANONICAL_PUBLIC_SAFE,1987-89 is a multi-leg episode,"The 1987-1989 broad episode B02 contains three separate mechanical tightening/easing sub-cycles (T03_1987, T04_1987 and T05_1988); the canonical casebook preserves them separately rather than constructing one synthetic FIRST_HIKE-to-FIRST_CUT policy path.",,,B02,"{""n_mechanical_cycles"":3,""cycle_ids"":[""T03_1987"",""T04_1987"",""T05_1988""]}",B02 / 3 mechanical sub-cycles,CANONICAL_STRUCTURE,DESCRIPTIVE,RETROSPECTIVE_CHRONOLOGY,FED-CYCLE-HISTORICAL-CASEBOOK-022,results/fed_cycle_historical_casebook_v1/CASEBOOK_EPISODES.csv,N/A_REPO_DERIVED,Use to explain that 1987-89 is structurally more complex than a single standard tightening cycle.,Do not aggregate B02 into one fictitious policy path or treat its three sub-cycles as three independent broad episodes.,STATIC_UNLESS_UPSTREAM_REBUILT,FIG-CASE-B02,LONG_VIDEO|DEEP_ARTICLE|CASE_STUDY|IMAGE_CARD|PANDAAI,NONE,NOT_A_FORECASTING_MODEL,NOT_DEPLOYABLE
CLM-CASE-B03,HISTORICAL_CASE,CANONICAL_PUBLIC_SAFE,B03 FIRST_CUT four-asset path,"In the 1994-1995 tightening/easing cycle (T06_1994) FIRST_CUT case, GOLD +12M -1.29%, 12M MDD 5.43%, trough month 12; NASDAQ +12M +22.03%, 12M MDD 9.42%, trough month 12; SP500 +12M +19.42%, 12M MDD 3.65%, trough month 12; WTI +12M +17.00%, 12M MDD 13.12%, trough month 11.",,FIRST_CUT,B03,"{""GOLD"":{""ret_12m"":-0.0128865979381442,""mdd_12m"":0.054320987654321,""trough_month"":12},""NASDAQ"":{""ret_12m"":0.2202753454360104,""mdd_12m"":0.0941613420880245,""trough_month"":12},""SP500"":{""ret_12m"":0.1941514353281228,""mdd_12m"":0.0365423720724417,""trough_month"":12},""WTI"":{""ret_12m"":0.1699978657905629,""mdd_12m"":0.1312220232766339,""trough_month"":11}}",B03 / one mechanical cycle / four core assets,CASE_DESCRIPTIVE,DESCRIPTIVE,DESCRIPTIVE_PATH,FED-CYCLE-HISTORICAL-CASEBOOK-022|FED-CYCLE-PHASE-CLOCK-004,results/fed_cycle_historical_casebook_v1/CASEBOOK_ASSET_PHASE_METRICS.csv,N/A_REPO_DERIVED,Use as a dated historical case path; pair with 022A context when explaining why the episode differed from another episode.,Do not call this the correct current analog; do not attribute the asset path causally to the first cut; do not omit later-shock caveats where 022A identifies them.,STATIC_UNLESS_UPSTREAM_REBUILT,FIG-CASE-B03,VIDEO_HOOK|SHORT_VIDEO|LONG_VIDEO|DEEP_ARTICLE|CASE_STUDY|IMAGE_CARD|PANDAAI,NONE,NOT_A_FORECASTING_MODEL,NOT_DEPLOYABLE
CLM-CASE-B04,HISTORICAL_CASE,CANONICAL_PUBLIC_SAFE,B04 FIRST_CUT four-asset path,"In the 1999-2001 tightening/easing cycle (T07_1999) FIRST_CUT case, GOLD +12M +4.06%, 12M MDD 4.06%, trough month 3; NASDAQ +12M -25.62%, 12M MDD 40.80%, trough month 8; SP500 +12M -14.33%, 12M MDD 21.51%, trough month 8; WTI +12M -31.47%, 12M MDD 34.30%, trough month 11.",,FIRST_CUT,B04,"{""GOLD"":{""ret_12m"":0.0405904059040589,""mdd_12m"":0.040590405904059,""trough_month"":3},""NASDAQ"":{""ret_12m"":-0.2562408784576868,""mdd_12m"":0.40804215504697,""trough_month"":8},""SP500"":{""ret_12m"":-0.1432997573297205,""mdd_12m"":0.2151019302810527,""trough_month"":8},""WTI"":{""ret_12m"":-0.3147159114251674,""mdd_12m"":0.3430163134968517,""trough_month"":11}}",B04 / one mechanical cycle / four core assets,CASE_DESCRIPTIVE,DESCRIPTIVE,DESCRIPTIVE_PATH,FED-CYCLE-HISTORICAL-CASEBOOK-022|FED-CYCLE-PHASE-CLOCK-004,results/fed_cycle_historical_casebook_v1/CASEBOOK_ASSET_PHASE_METRICS.csv,N/A_REPO_DERIVED,Use as a dated historical case path; pair with 022A context when explaining why the episode differed from another episode.,Do not call this the correct current analog; do not attribute the asset path causally to the first cut; do not omit later-shock caveats where 022A identifies them.,STATIC_UNLESS_UPSTREAM_REBUILT,FIG-CASE-B04,VIDEO_HOOK|SHORT_VIDEO|LONG_VIDEO|DEEP_ARTICLE|CASE_STUDY|IMAGE_CARD|PANDAAI,NONE,NOT_A_FORECASTING_MODEL,NOT_DEPLOYABLE
CLM-CASE-B05,HISTORICAL_CASE,CANONICAL_PUBLIC_SAFE,B05 FIRST_CUT four-asset path,"In the 2004-2007 tightening/easing cycle (T08_2004) FIRST_CUT case, GOLD +12M +24.81%, 12M MDD 14.26%, trough month 12; NASDAQ +12M -13.15%, 12M MDD 20.67%, trough month 12; SP500 +12M -16.33%, 12M MDD 20.96%, trough month 12; WTI +12M +43.89%, 12M MDD 22.23%, trough month 12.",,FIRST_CUT,B05,"{""GOLD"":{""ret_12m"":0.2481203007518797,""mdd_12m"":0.1425619834710744,""trough_month"":12},""NASDAQ"":{""ret_12m"":-0.1314592525625789,""mdd_12m"":0.2067164153986956,""trough_month"":12},""SP500"":{""ret_12m"":-0.1633379162485054,""mdd_12m"":0.2095502314858965,""trough_month"":12},""WTI"":{""ret_12m"":0.4389153710985953,""mdd_12m"":0.2223312988177045,""trough_month"":12}}",B05 / one mechanical cycle / four core assets,CASE_DESCRIPTIVE,DESCRIPTIVE,DESCRIPTIVE_PATH,FED-CYCLE-HISTORICAL-CASEBOOK-022|FED-CYCLE-PHASE-CLOCK-004,results/fed_cycle_historical_casebook_v1/CASEBOOK_ASSET_PHASE_METRICS.csv,N/A_REPO_DERIVED,Use as a dated historical case path; pair with 022A context when explaining why the episode differed from another episode.,Do not call this the correct current analog; do not attribute the asset path causally to the first cut; do not omit later-shock caveats where 022A identifies them.,STATIC_UNLESS_UPSTREAM_REBUILT,FIG-CASE-B05,VIDEO_HOOK|SHORT_VIDEO|LONG_VIDEO|DEEP_ARTICLE|CASE_STUDY|IMAGE_CARD|PANDAAI,NONE,NOT_A_FORECASTING_MODEL,NOT_DEPLOYABLE
CLM-CASE-B06,HISTORICAL_CASE,CANONICAL_PUBLIC_SAFE,B06 FIRST_CUT four-asset path,"In the 2015-2019 tightening/easing cycle (T09_2015) FIRST_CUT case, GOLD +12M +35.91%, 12M MDD 2.65%, trough month 4; NASDAQ +12M +34.18%, 12M MDD 17.48%, trough month 8; SP500 +12M +10.98%, 12M MDD 19.09%, trough month 8; WTI +12M -25.52%, 12M MDD 72.34%, trough month 9.",,FIRST_CUT,B06,"{""GOLD"":{""ret_12m"":0.3590875643855775,""mdd_12m"":0.0264725347452018,""trough_month"":4},""NASDAQ"":{""ret_12m"":0.3417567873364013,""mdd_12m"":0.1748242325021655,""trough_month"":8},""SP500"":{""ret_12m"":0.1098390609875281,""mdd_12m"":0.1909000914287328,""trough_month"":8},""WTI"":{""ret_12m"":-0.2551716681982429,""mdd_12m"":0.7233610635672492,""trough_month"":9}}",B06 / one mechanical cycle / four core assets,CASE_DESCRIPTIVE,DESCRIPTIVE,DESCRIPTIVE_PATH,FED-CYCLE-HISTORICAL-CASEBOOK-022|FED-CYCLE-PHASE-CLOCK-004,results/fed_cycle_historical_casebook_v1/CASEBOOK_ASSET_PHASE_METRICS.csv,N/A_REPO_DERIVED,Use as a dated historical case path; pair with 022A context when explaining why the episode differed from another episode.,Do not call this the correct current analog; do not attribute the asset path causally to the first cut; do not omit later-shock caveats where 022A identifies them.,STATIC_UNLESS_UPSTREAM_REBUILT,FIG-CASE-B06,VIDEO_HOOK|SHORT_VIDEO|LONG_VIDEO|DEEP_ARTICLE|CASE_STUDY|IMAGE_CARD|PANDAAI,NONE,NOT_A_FORECASTING_MODEL,NOT_DEPLOYABLE
CLM-CASE-B07,HISTORICAL_CASE,CANONICAL_PUBLIC_SAFE,B07 FIRST_CUT four-asset path,"In the 2022-2024 tightening/easing cycle (T10_2022) FIRST_CUT case, GOLD +12M +48.50%, 12M MDD 1.56%, trough month 3; NASDAQ +12M +28.49%, 12M MDD 15.49%, trough month 7; SP500 +12M +20.19%, 12M MDD 11.08%, trough month 7; WTI +12M -16.59%, 12M MDD 18.93%, trough month 8.",,FIRST_CUT,B07,"{""GOLD"":{""ret_12m"":0.4850202429149797,""mdd_12m"":0.0156133828996282,""trough_month"":3},""NASDAQ"":{""ret_12m"":0.2849341507528564,""mdd_12m"":0.1548604932549572,""trough_month"":7},""SP500"":{""ret_12m"":0.2018547277797222,""mdd_12m"":0.1108177848216077,""trough_month"":7},""WTI"":{""ret_12m"":-0.1659312237369533,""mdd_12m"":0.1892926509619752,""trough_month"":8}}",B07 / one mechanical cycle / four core assets,CASE_DESCRIPTIVE,DESCRIPTIVE,DESCRIPTIVE_PATH,FED-CYCLE-HISTORICAL-CASEBOOK-022|FED-CYCLE-PHASE-CLOCK-004,results/fed_cycle_historical_casebook_v1/CASEBOOK_ASSET_PHASE_METRICS.csv,N/A_REPO_DERIVED,Use as a dated historical case path; pair with 022A context when explaining why the episode differed from another episode.,Do not call this the correct current analog; do not attribute the asset path causally to the first cut; do not omit later-shock caveats where 022A identifies them.,STATIC_UNLESS_UPSTREAM_REBUILT,FIG-CASE-B07,VIDEO_HOOK|SHORT_VIDEO|LONG_VIDEO|DEEP_ARTICLE|CASE_STUDY|IMAGE_CARD|PANDAAI,NONE,NOT_A_FORECASTING_MODEL,NOT_DEPLOYABLE
CLM-CTX-B02_CTX_01,HISTORICAL_CONTEXT,CANONICAL_PUBLIC_SAFE,B02 context: RETROSPECTIVE_EVENT_CONTEXT,"Federal Reserve History records Black Monday on 1987-10-19, when the DJIA fell 22.6% in one session amid a global market crash.",,,B02,"{""event_date_or_period"":""1987-10-19"",""relationship_to_first_cut"":""AFTER_T03_BEFORE_T04_FIRST_CUT"",""contemporaneous_known"":true,""source_publication_or_announcement_date"":""2013-11-22""}",Official-source context claim / B02,OFFICIAL_SOURCE_CONTEXT,HISTORICAL_CONTEXT,RETROSPECTIVE_EVENT_CONTEXT,FED-CYCLE-HISTORICAL-CONTEXT-022A,results/fed_cycle_historical_context_022a_v1/CONTEXT_CLAIMS.csv,https://www.federalreservehistory.org/essays/stock-market-crash-of-1987,Use as dated market-stress context between B02 sub-cycles. Hindsight warning: The source is retrospective; the crash itself was contemporaneously observable.,Do not claim the crash was caused by the Fed path or that later B02 cuts were mechanically determined by this event.,STATIC_SOURCE_AUDIT,FIG-CTX-B02_CTX_01,LONG_VIDEO|DEEP_ARTICLE|CASE_STUDY|PANDAAI,NONE,NOT_A_FORECASTING_MODEL,NOT_DEPLOYABLE
CLM-CTX-B02_CTX_02,HISTORICAL_CONTEXT,CANONICAL_PUBLIC_SAFE,B02 context: RETROSPECTIVE_EVENT_CONTEXT,Federal Reserve History records the Fed's public readiness to provide liquidity after Black Monday and describes operational efforts to support market functioning.,,,B02,"{""event_date_or_period"":""1987-10-20"",""relationship_to_first_cut"":""AFTER_T03_BEFORE_T04_FIRST_CUT"",""contemporaneous_known"":true,""source_publication_or_announcement_date"":""2013-11-22""}",Official-source context claim / B02,OFFICIAL_SOURCE_CONTEXT,HISTORICAL_CONTEXT,RETROSPECTIVE_EVENT_CONTEXT,FED-CYCLE-HISTORICAL-CONTEXT-022A,results/fed_cycle_historical_context_022a_v1/CONTEXT_CLAIMS.csv,https://www.federalreservehistory.org/essays/stock-market-crash-of-1987,"Use to explain the financial-stability response surrounding the 1987 sub-cycle. Hindsight warning: The historical essay was written later, although the liquidity statement was public on 1987-10-20.",Do not equate liquidity support with a validated asset-bottom signal.,STATIC_SOURCE_AUDIT,FIG-CTX-B02_CTX_02,LONG_VIDEO|DEEP_ARTICLE|CASE_STUDY|PANDAAI,NONE,NOT_A_FORECASTING_MODEL,NOT_DEPLOYABLE
CLM-CTX-B02_CTX_03,HISTORICAL_CONTEXT,CANONICAL_PUBLIC_SAFE,B02 context: RETROSPECTIVE_DATING,Federal Reserve History notes that the 1987 stock-market crash was not followed by an economic recession; NBER chronology places the next U.S. business-cycle peak in July 1990.,,,B02,"{""event_date_or_period"":""1987-1989"",""relationship_to_first_cut"":""EPISODE_BACKGROUND"",""contemporaneous_known"":false,""source_publication_or_announcement_date"":""SOURCE_AUDIT_2026-09-25""}",Official-source context claim / B02,OFFICIAL_SOURCE_CONTEXT,HISTORICAL_CONTEXT,RETROSPECTIVE_DATING,FED-CYCLE-HISTORICAL-CONTEXT-022A,results/fed_cycle_historical_context_022a_v1/CONTEXT_CLAIMS.csv,https://www.federalreservehistory.org/essays/stock-market-crash-of-1987 | https://www.nber.org/research/business-cycle-dating,Use to distinguish severe market stress from an automatically coincident recession. Hindsight warning: Recession classification is retrospective and must not be presented as a real-time signal available during B02.,Do not generalize that a crash never leads to recession or that B02 predicts future cycles.,STATIC_SOURCE_AUDIT,FIG-CTX-B02_CTX_03,LONG_VIDEO|DEEP_ARTICLE|CASE_STUDY|PANDAAI|MYTH_VS_EVIDENCE,NONE,NOT_A_FORECASTING_MODEL,NOT_DEPLOYABLE
CLM-CTX-B03_CTX_01,HISTORICAL_CONTEXT,CANONICAL_PUBLIC_SAFE,B03 context: CONTEMPORANEOUS_POLICY_CONTEXT,The July 1995 FOMC statement said inflationary pressures had receded after the tightening initiated in early 1994 and announced a modest easing; the federal funds rate declined 25 bp from about 6% to about 5.75%.,,,B03,"{""event_date_or_period"":""1995-07-06"",""relationship_to_first_cut"":""AT_FIRST_CUT"",""contemporaneous_known"":true,""source_publication_or_announcement_date"":""EVENT_1995-07-06""}",Official-source context claim / B03,OFFICIAL_SOURCE_CONTEXT,HISTORICAL_CONTEXT,CONTEMPORANEOUS_POLICY_CONTEXT,FED-CYCLE-HISTORICAL-CONTEXT-022A,results/fed_cycle_historical_context_022a_v1/CONTEXT_CLAIMS.csv,https://www.federalreserve.gov/monetarypolicy/files/FOMC19950706meeting.pdf,"Use as the Fed's stated rationale for the first cut in the 1994-95 case. Hindsight warning: The transcript itself was released later, but the quoted policy statement was released at the event.",Do not convert the statement into proof that the subsequent asset path was caused by the cut.,STATIC_SOURCE_AUDIT,FIG-CTX-B03_CTX_01,LONG_VIDEO|DEEP_ARTICLE|CASE_STUDY|PANDAAI,NONE,NOT_A_FORECASTING_MODEL,NOT_DEPLOYABLE
CLM-CTX-B03_CTX_02,HISTORICAL_CONTEXT,CANONICAL_PUBLIC_SAFE,B03 context: RETROSPECTIVE_DATING,"NBER's current chronology places the U.S. expansion between the March 1991 trough and March 2001 peak, so the 1994-95 case is not dated as an NBER recession episode.",,,B03,"{""event_date_or_period"":""1994-1995"",""relationship_to_first_cut"":""EPISODE_BACKGROUND"",""contemporaneous_known"":false,""source_publication_or_announcement_date"":""SOURCE_AUDIT_2026-09-25""}",Official-source context claim / B03,OFFICIAL_SOURCE_CONTEXT,HISTORICAL_CONTEXT,RETROSPECTIVE_DATING,FED-CYCLE-HISTORICAL-CONTEXT-022A,results/fed_cycle_historical_context_022a_v1/CONTEXT_CLAIMS.csv,https://www.nber.org/research/business-cycle-dating,Use to contrast B03 with recession-associated later cases. Hindsight warning: Business-cycle dating is retrospective and the absence of an NBER recession label is not a contemporaneous forecast.,Do not label the episode a guaranteed 'soft landing' template for other cycles.,STATIC_SOURCE_AUDIT,FIG-CTX-B03_CTX_02,LONG_VIDEO|DEEP_ARTICLE|CASE_STUDY|PANDAAI|MYTH_VS_EVIDENCE,NONE,NOT_A_FORECASTING_MODEL,NOT_DEPLOYABLE
CLM-CTX-B03_CTX_03,HISTORICAL_CONTEXT,CANONICAL_PUBLIC_SAFE,B03 context: RETROSPECTIVE_EVENT_CONTEXT,The Federal Reserve's historical materials page notes that the FOMC first announced meeting outcomes in February 1994 and in February 1995 formalized immediate public communication of all policy-stance changes.,,,B03,"{""event_date_or_period"":""1994-1995"",""relationship_to_first_cut"":""EPISODE_BACKGROUND"",""contemporaneous_known"":false,""source_publication_or_announcement_date"":""SOURCE_AUDIT_2026-09-25""}",Official-source context claim / B03,OFFICIAL_SOURCE_CONTEXT,HISTORICAL_CONTEXT,RETROSPECTIVE_EVENT_CONTEXT,FED-CYCLE-HISTORICAL-CONTEXT-022A,results/fed_cycle_historical_context_022a_v1/CONTEXT_CLAIMS.csv,https://www.federalreserve.gov/monetarypolicy/fomc_historical.htm,Use to explain why 1994-95 is a transition-era communication case. Hindsight warning: This is retrospective institutional context about the communication regime.,Do not compare statement wording across eras without accounting for communication-regime changes.,STATIC_SOURCE_AUDIT,FIG-CTX-B03_CTX_03,LONG_VIDEO|DEEP_ARTICLE|CASE_STUDY|PANDAAI,NONE,NOT_A_FORECASTING_MODEL,NOT_DEPLOYABLE
CLM-CTX-B04_CTX_01,HISTORICAL_CONTEXT,CANONICAL_PUBLIC_SAFE,B04 context: CONTEMPORANEOUS_POLICY_CONTEXT,"Federal Reserve records describe the January 3, 2001 intermeeting 50 bp cut as occurring amid weakening sales and production, lower consumer confidence, tight conditions in parts of financial markets, and high energy prices weighing on purchasing power.",,,B04,"{""event_date_or_period"":""2001-01-03"",""relationship_to_first_cut"":""AT_FIRST_CUT"",""contemporaneous_known"":true,""source_publication_or_announcement_date"":""2001-02""}",Official-source context claim / B04,OFFICIAL_SOURCE_CONTEXT,HISTORICAL_CONTEXT,CONTEMPORANEOUS_POLICY_CONTEXT,FED-CYCLE-HISTORICAL-CONTEXT-022A,results/fed_cycle_historical_context_022a_v1/CONTEXT_CLAIMS.csv,https://www.federalreserve.gov/boarddocs/hh/2001/February/FullReport.pdf,Use as contemporaneous policy/economic context for the 2001 first cut. Hindsight warning: The report was published shortly after the action and summarizes contemporaneous conditions; later recession dating was not yet known.,Do not say the January cut was taken because an NBER recession had already been officially identified.,STATIC_SOURCE_AUDIT,FIG-CTX-B04_CTX_01,LONG_VIDEO|DEEP_ARTICLE|CASE_STUDY|PANDAAI,NONE,NOT_A_FORECASTING_MODEL,NOT_DEPLOYABLE
CLM-CTX-B04_CTX_02,HISTORICAL_CONTEXT,CANONICAL_PUBLIC_SAFE,B04 context: RETROSPECTIVE_DATING,NBER later dated the 2001 recession from the March 2001 peak to the November 2001 trough; the March peak was announced on 2001-11-26.,,,B04,"{""event_date_or_period"":""2001-03_to_2001-11"",""relationship_to_first_cut"":""POST_FIRST_CUT"",""contemporaneous_known"":false,""source_publication_or_announcement_date"":""2001-11-26_PEAK_ANNOUNCEMENT""}",Official-source context claim / B04,OFFICIAL_SOURCE_CONTEXT,HISTORICAL_CONTEXT,RETROSPECTIVE_DATING,FED-CYCLE-HISTORICAL-CONTEXT-022A,results/fed_cycle_historical_context_022a_v1/CONTEXT_CLAIMS.csv,https://www.nber.org/research/business-cycle-dating/business-cycle-dating-procedure-frequently-asked-questions,"Use to show the difference between first-cut timing and later official recession dating. Hindsight warning: At the January 3 first cut, the later March recession peak and its NBER classification were not known.",Do not back-project the later NBER label into January 2001 information.,STATIC_SOURCE_AUDIT,FIG-CTX-B04_CTX_02,LONG_VIDEO|DEEP_ARTICLE|CASE_STUDY|PANDAAI|MYTH_VS_EVIDENCE,NONE,NOT_A_FORECASTING_MODEL,NOT_DEPLOYABLE
CLM-CTX-B04_CTX_03,HISTORICAL_CONTEXT,CANONICAL_PUBLIC_SAFE,B04 context: POST_ANCHOR_SHOCK,Federal Reserve History describes the September 11 attacks as a major shock that created massive dislocations in U.S. financial markets and prompted a broad Federal Reserve liquidity response.,,,B04,"{""event_date_or_period"":""2001-09-11"",""relationship_to_first_cut"":""POST_FIRST_CUT"",""contemporaneous_known"":false,""source_publication_or_announcement_date"":""2024_RETROSPECTIVE_PAGE""}",Official-source context claim / B04,OFFICIAL_SOURCE_CONTEXT,HISTORICAL_CONTEXT,POST_ANCHOR_SHOCK,FED-CYCLE-HISTORICAL-CONTEXT-022A,results/fed_cycle_historical_context_022a_v1/CONTEXT_CLAIMS.csv,https://www.federalreservehistory.org/essays/september-11,Use to explain why the 12-month post-cut path contains a large later exogenous shock. Hindsight warning: September 11 occurred more than eight months after the January first cut and cannot be part of the cut's original rationale.,Do not imply the January 2001 cut anticipated September 11.,STATIC_SOURCE_AUDIT,FIG-CTX-B04_CTX_03,LONG_VIDEO|DEEP_ARTICLE|CASE_STUDY|PANDAAI|MYTH_VS_EVIDENCE,NONE,NOT_A_FORECASTING_MODEL,NOT_DEPLOYABLE
CLM-CTX-B05_CTX_01,HISTORICAL_CONTEXT,CANONICAL_PUBLIC_SAFE,B05 context: CONTEMPORANEOUS_POLICY_CONTEXT,"The September 18, 2007 FOMC statement cut the federal funds target 50 bp to 4.75% and said tighter credit conditions could intensify the housing correction and restrain growth more generally.",,,B05,"{""event_date_or_period"":""2007-09-18"",""relationship_to_first_cut"":""AT_FIRST_CUT"",""contemporaneous_known"":true,""source_publication_or_announcement_date"":""2007-09-18""}",Official-source context claim / B05,OFFICIAL_SOURCE_CONTEXT,HISTORICAL_CONTEXT,CONTEMPORANEOUS_POLICY_CONTEXT,FED-CYCLE-HISTORICAL-CONTEXT-022A,results/fed_cycle_historical_context_022a_v1/CONTEXT_CLAIMS.csv,https://www.federalreserve.gov/newsevents/pressreleases/monetary20070918a.htm,"Use as the Fed's stated risk context at the 2007 first cut. Hindsight warning: This is contemporaneous stated policy context, not a later causal decomposition.",Do not say the Fed already knew the full scale of the later financial crisis.,STATIC_SOURCE_AUDIT,FIG-CTX-B05_CTX_01,LONG_VIDEO|DEEP_ARTICLE|CASE_STUDY|PANDAAI,NONE,NOT_A_FORECASTING_MODEL,NOT_DEPLOYABLE
CLM-CTX-B05_CTX_02,HISTORICAL_CONTEXT,CANONICAL_PUBLIC_SAFE,B05 context: RETROSPECTIVE_EVENT_CONTEXT,"Federal Reserve History documents that subprime-mortgage stress was already visible in 2007, including New Century's April bankruptcy, mortgage-security downgrades, lender closures and tightening mortgage credit.",,,B05,"{""event_date_or_period"":""2007"",""relationship_to_first_cut"":""PRE_AND_AROUND_FIRST_CUT"",""contemporaneous_known"":true,""source_publication_or_announcement_date"":""2013-11-22""}",Official-source context claim / B05,OFFICIAL_SOURCE_CONTEXT,HISTORICAL_CONTEXT,RETROSPECTIVE_EVENT_CONTEXT,FED-CYCLE-HISTORICAL-CONTEXT-022A,results/fed_cycle_historical_context_022a_v1/CONTEXT_CLAIMS.csv,https://www.federalreservehistory.org/essays/subprime-mortgage-crisis,Use to establish that housing/credit stress predated the September first cut. Hindsight warning: The synthesis is retrospective; individual stress events were observable at the time but their eventual systemic scale was not fully known.,Do not claim all subsequent crisis outcomes were foreseeable in September 2007.,STATIC_SOURCE_AUDIT,FIG-CTX-B05_CTX_02,LONG_VIDEO|DEEP_ARTICLE|CASE_STUDY|PANDAAI,NONE,NOT_A_FORECASTING_MODEL,NOT_DEPLOYABLE
CLM-CTX-B05_CTX_03,HISTORICAL_CONTEXT,CANONICAL_PUBLIC_SAFE,B05 context: RETROSPECTIVE_DATING,NBER later dated the Great Recession from a December 2007 peak to a June 2009 trough; the December 2007 peak was announced only on 2008-12-01.,,,B05,"{""event_date_or_period"":""2007-12_to_2009-06"",""relationship_to_first_cut"":""POST_FIRST_CUT"",""contemporaneous_known"":false,""source_publication_or_announcement_date"":""2008-12-01_PEAK_ANNOUNCEMENT""}",Official-source context claim / B05,OFFICIAL_SOURCE_CONTEXT,HISTORICAL_CONTEXT,RETROSPECTIVE_DATING,FED-CYCLE-HISTORICAL-CONTEXT-022A,results/fed_cycle_historical_context_022a_v1/CONTEXT_CLAIMS.csv,https://www.nber.org/research/business-cycle-dating/business-cycle-dating-procedure-frequently-asked-questions,Use to separate contemporaneous credit stress from later recession classification. Hindsight warning: The recession start was retrospectively dated after the September 2007 cut; the official peak determination came about a year later.,Do not state that an officially identified recession already existed at the September 2007 decision date.,STATIC_SOURCE_AUDIT,FIG-CTX-B05_CTX_03,LONG_VIDEO|DEEP_ARTICLE|CASE_STUDY|PANDAAI|MYTH_VS_EVIDENCE,NONE,NOT_A_FORECASTING_MODEL,NOT_DEPLOYABLE
CLM-CTX-B06_CTX_01,HISTORICAL_CONTEXT,CANONICAL_PUBLIC_SAFE,B06 context: CONTEMPORANEOUS_POLICY_CONTEXT,"The July 31, 2019 FOMC statement said the labor market remained strong and activity was rising moderately, while global developments and muted inflation pressures motivated a 25 bp reduction to a 2.00-2.25% target range.",,,B06,"{""event_date_or_period"":""2019-07-31"",""relationship_to_first_cut"":""AT_FIRST_CUT"",""contemporaneous_known"":true,""source_publication_or_announcement_date"":""2019-07-31""}",Official-source context claim / B06,OFFICIAL_SOURCE_CONTEXT,HISTORICAL_CONTEXT,CONTEMPORANEOUS_POLICY_CONTEXT,FED-CYCLE-HISTORICAL-CONTEXT-022A,results/fed_cycle_historical_context_022a_v1/CONTEXT_CLAIMS.csv,https://www.federalreserve.gov/newsevents/pressreleases/monetary20190731a.htm,Use as the first-cut rationale for the 2019 case. Hindsight warning: This records the Committee's stated contemporaneous rationale and should not be rewritten using later pandemic information.,Do not say the July 2019 cut was a response to COVID-19.,STATIC_SOURCE_AUDIT,FIG-CTX-B06_CTX_01,LONG_VIDEO|DEEP_ARTICLE|CASE_STUDY|PANDAAI,NONE,NOT_A_FORECASTING_MODEL,NOT_DEPLOYABLE
CLM-CTX-B06_CTX_02,HISTORICAL_CONTEXT,CANONICAL_PUBLIC_SAFE,B06 context: RETROSPECTIVE_DATING,NBER determined that the expansion peaked in February 2020 and that the recession trough occurred in April 2020; the peak determination was announced on 2020-06-08.,,,B06,"{""event_date_or_period"":""2020-02_to_2020-04"",""relationship_to_first_cut"":""POST_FIRST_CUT"",""contemporaneous_known"":false,""source_publication_or_announcement_date"":""2020-06-08_PEAK_ANNOUNCEMENT""}",Official-source context claim / B06,OFFICIAL_SOURCE_CONTEXT,HISTORICAL_CONTEXT,RETROSPECTIVE_DATING,FED-CYCLE-HISTORICAL-CONTEXT-022A,results/fed_cycle_historical_context_022a_v1/CONTEXT_CLAIMS.csv,https://www.nber.org/news/business-cycle-dating-committee-announcement-june-8-2020 | https://www.nber.org/news/business-cycle-dating-committee-announcement-july-19-2021,Use to distinguish the 2019 easing cycle from the later 2020 recession. Hindsight warning: The recession began months after the July 2019 first cut and was dated retrospectively.,Do not treat the February 2020 recession date as information available in July 2019.,STATIC_SOURCE_AUDIT,FIG-CTX-B06_CTX_02,LONG_VIDEO|DEEP_ARTICLE|CASE_STUDY|PANDAAI|MYTH_VS_EVIDENCE,NONE,NOT_A_FORECASTING_MODEL,NOT_DEPLOYABLE
CLM-CTX-B06_CTX_03,HISTORICAL_CONTEXT,CANONICAL_PUBLIC_SAFE,B06 context: POST_ANCHOR_SHOCK,"In March 2020 the Federal Reserve explicitly said the coronavirus outbreak had disrupted economic activity and financial conditions and posed sharply increased downside risks, leading to emergency easing to the effective lower bound.",,,B06,"{""event_date_or_period"":""2020-03"",""relationship_to_first_cut"":""POST_FIRST_CUT"",""contemporaneous_known"":false,""source_publication_or_announcement_date"":""2020-03-15""}",Official-source context claim / B06,OFFICIAL_SOURCE_CONTEXT,HISTORICAL_CONTEXT,POST_ANCHOR_SHOCK,FED-CYCLE-HISTORICAL-CONTEXT-022A,results/fed_cycle_historical_context_022a_v1/CONTEXT_CLAIMS.csv,https://www.federalreserve.gov/newsevents/pressreleases/monetary20200315a.htm | https://www.federalreserve.gov/monetarypolicy/fomcminutes20200315.htm,Use to explain why the 12-month post-July-2019 market path includes a qualitatively new shock. Hindsight warning: COVID-19 was a later shock and must not be inserted into the July 2019 first-cut rationale.,Do not imply the 2019 cut anticipated the pandemic.,STATIC_SOURCE_AUDIT,FIG-CTX-B06_CTX_03,LONG_VIDEO|DEEP_ARTICLE|CASE_STUDY|PANDAAI|MYTH_VS_EVIDENCE,NONE,NOT_A_FORECASTING_MODEL,NOT_DEPLOYABLE
CLM-CTX-B07_CTX_01,HISTORICAL_CONTEXT,CANONICAL_PUBLIC_SAFE,B07 context: CONTEMPORANEOUS_POLICY_CONTEXT,"The September 18, 2024 FOMC statement said activity remained solid, job gains had slowed, unemployment had risen but remained low, inflation had made further progress, and risks to employment and inflation were judged roughly balanced; the target range was lowered 50 bp.",,,B07,"{""event_date_or_period"":""2024-09-18"",""relationship_to_first_cut"":""AT_FIRST_CUT"",""contemporaneous_known"":true,""source_publication_or_announcement_date"":""2024-09-18""}",Official-source context claim / B07,OFFICIAL_SOURCE_CONTEXT,HISTORICAL_CONTEXT,CONTEMPORANEOUS_POLICY_CONTEXT,FED-CYCLE-HISTORICAL-CONTEXT-022A,results/fed_cycle_historical_context_022a_v1/CONTEXT_CLAIMS.csv,https://www.federalreserve.gov/newsevents/pressreleases/monetary20240918a.htm,"Use as the 2024 first-cut policy context. Hindsight warning: This is the Committee's stated contemporaneous rationale, not a guarantee of a soft landing or future asset returns.",Do not label the decision as proof that recession risk had disappeared.,STATIC_SOURCE_AUDIT,FIG-CTX-B07_CTX_01,LONG_VIDEO|DEEP_ARTICLE|CASE_STUDY|PANDAAI,NONE,NOT_A_FORECASTING_MODEL,NOT_DEPLOYABLE
CLM-CTX-B07_CTX_02,HISTORICAL_CONTEXT,CANONICAL_PUBLIC_SAFE,B07 context: RETROSPECTIVE_DATING,"On the NBER Business Cycle Dating page audited on 2026-09-25, the most recent recognized U.S. business-cycle peak remains February 2020.",,,B07,"{""event_date_or_period"":""2026-09-25"",""relationship_to_first_cut"":""CURRENT_SOURCE_AUDIT"",""contemporaneous_known"":false,""source_publication_or_announcement_date"":""SOURCE_AUDIT_2026-09-25""}",Official-source context claim / B07,OFFICIAL_SOURCE_CONTEXT,HISTORICAL_CONTEXT,RETROSPECTIVE_DATING,FED-CYCLE-HISTORICAL-CONTEXT-022A,results/fed_cycle_historical_context_022a_v1/CONTEXT_CLAIMS.csv,https://www.nber.org/research/business-cycle-dating,Use only to report the current official chronology status as of the audit date. Hindsight warning: NBER dating is deliberately retrospective and absence of a newer dated peak is not a real-time recession forecast.,Do not convert absence of a new NBER peak into a claim that recession is impossible or cannot later be dated.,REVERIFY_BEFORE_CURRENT_USE,FIG-CTX-B07_CTX_02,LONG_VIDEO|DEEP_ARTICLE|CASE_STUDY|PANDAAI|MYTH_VS_EVIDENCE,NONE,NOT_A_FORECASTING_MODEL,NOT_DEPLOYABLE
CLM-CTX-B07_CTX_03,HISTORICAL_CONTEXT,CANONICAL_PUBLIC_SAFE,B07 context: CONTEMPORANEOUS_POLICY_CONTEXT,"September 2024 FOMC minutes report that most participants saw downside risks to employment as having increased while upside inflation risks had diminished, contributing to a roughly balanced dual-mandate risk assessment.",,,B07,"{""event_date_or_period"":""2024-09-18"",""relationship_to_first_cut"":""AT_FIRST_CUT"",""contemporaneous_known"":true,""source_publication_or_announcement_date"":""2024-10-09""}",Official-source context claim / B07,OFFICIAL_SOURCE_CONTEXT,HISTORICAL_CONTEXT,CONTEMPORANEOUS_POLICY_CONTEXT,FED-CYCLE-HISTORICAL-CONTEXT-022A,results/fed_cycle_historical_context_022a_v1/CONTEXT_CLAIMS.csv,https://www.federalreserve.gov/monetarypolicy/fomcminutes20240918.htm,Use to explain the risk-management framing behind the 2024 cut. Hindsight warning: Minutes provide contemporaneous-meeting reasoning but were released after the meeting.,Do not portray a balanced-risk assessment as an asset-market timing signal.,STATIC_SOURCE_AUDIT,FIG-CTX-B07_CTX_03,LONG_VIDEO|DEEP_ARTICLE|CASE_STUDY|PANDAAI,NONE,NOT_A_FORECASTING_MODEL,NOT_DEPLOYABLE
CLM-GUARD-019,METHOD_GUARDRAIL,CANONICAL_PUBLIC_SAFE,Binary pre-cut timing rule not supported,"In the predetermined pre-FIRST_CUT state diagnostic, 8 mechanical cycles collapsed to 6 broad episodes. Real-time growth contraction had no positive broad episodes, NFCI-tight conditions had only one, and the balanced curve-inversion split had the same median risk-asset trough month (8) on both sides; the simple binary state rule was not supported.",,FIRST_CUT,,"{""mechanical_cycles"":8,""broad_episodes"":6,""curve_inverted_true"":3,""curve_inverted_false"":3,""median_risk3_trough_month_curve_true"":8,""median_risk3_trough_month_curve_false"":8}",8 mechanical cycles / 6 broad episodes,SIMPLE_STATE_RULE_NOT_SUPPORTED,DESCRIPTIVE_NEGATIVE_RESULT,RESEARCH_CONCLUSION,FED-CYCLE-PRECUT-STATE-019,results/fed_cycle_precut_state_v1/FED_CYCLE_PRECUT_STATE_019_REPORT.md,N/A_REPO_DERIVED,Use as a negative guardrail: simple predetermined binary state variables did not validate a bottom-timing rule in this sample.,"Do not present the composite count, curve state, NFCI or real-time growth flag as a validated timing score.",STATIC_UNLESS_NEW_PREREGISTERED_EVIDENCE,FIG-GUARD-019,MYTH_VS_EVIDENCE|METHODS|DEEP_ARTICLE|PANDAAI|CURRENT_CONTEXT_GUARDRAIL,NONE,NOT_A_FORECASTING_MODEL,NOT_DEPLOYABLE
CLM-GUARD-020,METHOD_GUARDRAIL,CANONICAL_PUBLIC_SAFE,Continuous pre-cut levels did not rescue timing,"The continuous pre-FIRST_CUT stress-level extension also failed to produce a composition-robust timing relation: full-sample trough-month Spearman rho was about +0.075 for Baa spread, -0.211 for VIX (5 episodes), +0.029 for curve stress and -0.177 for real-time growth stress, with leave-one-out sign instability; the small-sample timing-rule branch was stopped.",,FIRST_CUT,,"{""broad_episodes"":6,""vix_broad_episodes"":5,""rho_baa"":0.0746352,""rho_vix"":-0.210819,""rho_curve"":0.0294245,""rho_growth"":-0.176547,""branch_decision"":""STOP_SMALL_SAMPLE_TIMING_RULE_BRANCH""}",6 broad episodes; VIX available in 5,CONTINUOUS_LEVEL_RULE_NOT_SUPPORTED,MECHANISM_CANDIDATE_NEGATIVE_RESULT,RESEARCH_CONCLUSION,FED-CYCLE-PRECUT-STRESS-LEVEL-020,results/fed_cycle_precut_stress_level_v1/FED_CYCLE_PRECUT_STRESS_LEVEL_020_REPORT.md,N/A_REPO_DERIVED,Use as a methodological guardrail showing that continuous predetermined levels did not rescue the small-sample timing hypothesis.,"Do not cherry-pick the five-episode curve relation, add thresholds/interactions, or build a multivariate timing score from this branch.",STATIC_UNLESS_NEW_PREREGISTERED_EVIDENCE,FIG-GUARD-020,MYTH_VS_EVIDENCE|METHODS|DEEP_ARTICLE|PANDAAI|CURRENT_CONTEXT_GUARDRAIL,NONE,NOT_A_FORECASTING_MODEL,NOT_DEPLOYABLE
CLM-SYNTH-017-FIRSTCUT-RECOVERY,SYNTHESIS,CANONICAL_PUBLIC_SAFE,First cut did not shorten full recovery versus pause,"Across the five fully supported four-phase assets (DXY, Gold, Nasdaq, S&P 500 and WTI), the historical anchor-to-full-recovery clock after FIRST_CUT was slower than after PAUSE_START in 3 of 5 assets, equal in 2 of 5, and faster in 0 of 5.",,FIRST_CUT,,"{""assets"":5,""slower"":3,""equal"":2,""faster"":0}",5 fully supported four-phase assets,SUPPORTED_DESCRIPTIVE_SYNTHESIS,DESCRIPTIVE,RESEARCH_CONCLUSION,FED-CYCLE-TOTAL-RISK-CLOCK-017|FED-CYCLE-CROSS-ASSET-MASTER-SYNTHESIS-021,results/fed_cycle_total_risk_clock_v1/SUPPORTED_TOTAL_CLOCK_SUMMARY.csv,N/A_REPO_DERIVED,Use to challenge the simplistic idea that the first cut automatically starts a faster full-recovery clock.,Do not infer causality from the phase label; do not generalize beyond the supported five-asset historical sample.,STATIC_UNLESS_UPSTREAM_REBUILT,FIG-RECOVERY-FIRSTCUT-VS-PAUSE,VIDEO_HOOK|SHORT_VIDEO|LONG_VIDEO|DEEP_ARTICLE|IMAGE_CARD|MYTH_VS_EVIDENCE|PANDAAI,NONE,NOT_A_FORECASTING_MODEL,NOT_DEPLOYABLE
