month,ERA,M2_POST_MAY2020_DEFINITION,BTC_USD_LEVEL,BTC_RET,NASDAQ_LEVEL,NASDAQ_RET,DXY_LEVEL,DXY_RET,DFII10_LEVEL,DFII10_CHANGE_PP,VIXCLS_LEVEL,VIX_CHANGE,NFCI_LEVEL,NFCI_CHANGE,WALCL_LEVEL,WALCL_3M_PCT,M2SL_LEVEL,M2SL_3M_PCT
2014-11,ERA_1_EARLY,False,366.09979858398435,0.005357495543900415,4687.702688116777,0.06460534405039531,87.72842085988898,0.024022128100855245,0.44555555555555554,0.0614646464646465,13.413157894736841,-4.645537757437072,-0.651,-0.008399999999999963,4488542.5,0.01615716475705553,11638.9,0.014035790830995598
2014-12,ERA_1_EARLY,False,341.2678705030872,-0.0678283030390705,4732.700927734375,0.009599209380677598,89.1568173495206,0.0162820266868009,0.5104545454545455,0.06489898989898996,16.292272727272728,2.879114832535887,-0.6034999999999999,0.0475000000000001,4496884.8,0.013631872134400647,11721.2,0.017403456387198757
2015-01,ERA_1_EARLY,False,248.78254748928933,-0.2710050696464882,4673.701489257813,-0.012466335688109176,92.9770004272461,0.04284790766755697,0.2745,-0.23595454545454547,19.1195,2.8272272727272707,-0.5212,0.08229999999999993,4507150.25,0.00838352225146588,11806.2,0.01808304229724489
2015-02,ERA_1_EARLY,False,234.15364456176758,-0.05880196611521371,4854.255833675987,0.03863198041919569,94.45789337158203,0.015927519037299165,0.26,-0.014500000000000013,15.90421052631579,-3.2152894736842086,-0.51325,0.007950000000000013,4496402.25,0.0017510695286944156,11920.7,0.024211910060229158
2015-03,ERA_1_EARLY,False,269.0422589701991,0.14899881004939153,4938.01045365767,0.017253853701043598,97.87818249789152,0.036209669771636976,0.2809090909090909,0.020909090909090877,14.812727272727273,-1.0914832535885175,-0.533,-0.019750000000000045,4488338.25,-0.0019005490200681985,11919.1,0.01688393679828004
2015-04,ERA_1_EARLY,False,235.4915339152018,-0.12470429434921448,4985.951427641369,0.009708560650816045,97.59190477643695,-0.0029248369161404275,0.07681818181818183,-0.20409090909090905,13.494761904761905,-1.3179653679653676,-0.5405,-0.007499999999999951,4482355.6,-0.005501181150994516,11953.4,0.012468025274855465
2015-05,ERA_1_EARLY,False,236.9970009096207,0.00639287098516661,5029.431469726563,0.008720510561764927,95.1920009613037,-0.02459121809980991,0.33199999999999996,0.2551818181818181,13.3385,-0.15626190476190516,-0.5442,-0.0037000000000000366,4479564.0,-0.0037448273227779216,11981.9,0.00513392669893542
2015-06,ERA_1_EARLY,False,238.0817657470703,0.0045771247454025055,5073.041836825284,0.008671033169697973,95.17000024968928,-0.00023111933137498486,0.4977272727272728,0.16572727272727283,14.339545454545457,1.0010454545454568,-0.54125,0.002950000000000008,4479059.25,-0.002067357557109295,12020.9,0.008540913323992427
2015-07,ERA_1_EARLY,False,279.5637398996661,0.17423415028207057,5082.809969815341,0.0019254982127585585,96.96227299083363,0.01883232884776831,0.5036363636363637,0.005909090909090864,14.352727272727272,0.013181818181815075,-0.5186,0.02265000000000006,4488001.4,0.0012595609326491175,12063.5,0.009210768484280596
2015-08,ERA_1_EARLY,False,250.73380501039566,-0.10312472890660762,4934.622860863095,-0.029154564076222855,96.37809499104817,-0.006024796879923411,0.5557142857142857,0.052077922077922056,19.42809523809524,5.075367965367967,-0.44725,0.07134999999999997,4484473.0,0.001095865579775257,12110.1,0.01069947170315233
2015-09,ERA_1_EARLY,False,233.5955332438151,-0.06835245756299191,4748.004324776785,-0.03781819631372385,95.75809515090216,-0.006432995383479967,0.65,0.0942857142857143,24.377142857142857,4.949047619047619,-0.4,0.04724999999999996,4484700.6,0.0012594943904793432,12172.7,0.012628006222495936
2015-10,ERA_1_EARLY,False,264.85535553962956,0.1338202912603943,4879.03682084517,0.027597383470063575,95.71409086747603,-0.0004595359103247709,0.5714285714285714,-0.07857142857142863,16.789545454545454,-7.587597402597403,-0.44020000000000004,-0.040200000000000014,4495400.0,0.0016485288975176537,12228.4,0.013669333112280802
2015-11,ERA_1_EARLY,False,348.8833323160807,0.3172598741877368,5082.508032226562,0.04170315143187331,99.03300056457519,0.03467524652868992,0.6926315789473684,0.12120300751879698,16.21,-0.5795454545454533,-0.457,-0.01679999999999998,4486380.75,0.0004254123059721504,12322.7,0.01755559409088292
2015-12,ERA_1_EARLY,False,424.4645474341608,0.21663750634439927,5040.5400390625,-0.008257339269895247,98.33409049294211,-0.007057345204615428,0.7277272727272728,0.0350956937799044,18.025454545454547,1.8154545454545463,-0.391,0.066,4486241.6,0.0003436126817473184,12393.6,0.01814716537826455
2016-01,ERA_1_EARLY,False,410.84448537518904,-0.03208763167926154,4610.7142526726975,-0.08527375699008366,99.02300033569335,0.007005808863414398,0.6652631578947369,-0.06246411483253589,23.717894736842105,5.692440191387558,-0.3168,0.07419999999999999,4489872.5,-0.0012295902478088871,12522.2,0.024026037748192897
2016-02,ERA_1_EARLY,False,404.4082736311288,-0.015665810235185762,4463.206030273437,-0.03199248843359881,97.09550018310547,-0.019465176232325354,0.472,-0.19326315789473691,22.517,-1.2008947368421055,-0.3015,0.015300000000000036,4485799.5,-0.00012955877630316248,12604.4,0.022860249782920894
2016-03,ERA_1_EARLY,False,416.5257735713836,0.02996353123899609,4754.479114879261,0.06526095426250778,96.25954506613992,-0.00860961749400413,0.3372727272727273,-0.1347272727272727,15.84909090909091,-6.66790909090909,-0.3505,-0.04899999999999999,4484319.6,-0.0004284209749203516,12662.2,0.02167247611670553
2016-04,ERA_1_EARLY,False,434.3393981933594,0.04276716052703744,4892.168108258928,0.028959848187946946,94.403809320359,-0.019278459549189053,0.19047619047619047,-0.14679653679653681,14.300476190476191,-1.5486147186147186,-0.3806,-0.030100000000000016,4487148.5,-0.0006066987425589199,12741.9,0.017544840363514336
2016-05,ERA_1_EARLY,False,461.9544146137853,0.06357934954851197,4788.235235305059,-0.021244746839016115,94.52190471830822,0.0012509600915411312,0.2119047619047619,0.021428571428571436,14.852857142857141,0.5523809523809504,-0.3775,0.0030999999999999917,4472633.25,-0.002935095516418018,12800.7,0.015573926565326524
2016-06,ERA_1_EARLY,False,642.8690612792968,0.3916287861796155,4856.232688210227,0.014200942427348373,94.67227207530628,0.0015908202172414398,0.1740909090909091,-0.0378138528138528,17.774545454545457,2.9216883116883157,-0.35475,0.022749999999999992,4469248.6,-0.0033608220074233808,12849.3,0.014776263208605034
2016-07,ERA_1_EARLY,False,661.3561027280746,0.028757086881718852,5023.98896484375,0.03454453017475778,96.57250061035157,0.020071648154105448,0.0385,-0.1355909090909091,13.1585,-4.616045454545457,-0.3484,0.006350000000000022,4472069.5,-0.0033604860636994305,12907.3,0.01298079564272192
2016-08,ERA_1_EARLY,False,579.585197202621,-0.12364126555746746,5217.038319463315,0.03842551326654209,95.38000023883322,-0.012348239550405982,0.0882608695652174,0.04976086956521741,12.399565217391304,-0.7589347826086961,-0.35624999999999996,-0.007849999999999968,4466789.0,-0.001306668728092153,12986.7,0.014530455365722172
2016-09,ERA_1_EARLY,False,605.8486328125,0.045314193213767284,5254.154296875,0.007114376996852023,95.46523757207962,0.0008936604427862704,0.11571428571428573,0.02745341614906832,14.21952380952381,1.8199585921325063,-0.3372,0.019049999999999956,4466515.75,-0.0006114786275257522,13052.7,0.01582965609021514
2016-10,ERA_1_EARLY,False,643.5509348223286,0.06223056382054559,5255.989560081845,0.0003492975468835091,97.73899917602539,0.023817691777376027,0.0975,-0.018214285714285725,14.585238095238097,0.36571428571428655,-0.359,-0.021799999999999986,4459703.25,-0.0027652186532431955,13124.5,0.016827686657937768
2016-11,ERA_1_EARLY,False,726.3491007486979,0.1286582948546693,5260.565243675595,0.0008705655788401323,99.7055004119873,0.020119924007205192,0.32,0.2225,15.236190476190476,0.6509523809523792,-0.40875,-0.049750000000000016,4454779.2,-0.0026886875560945267,13214.2,0.017517922181924606
2016-12,ERA_1_EARLY,False,828.0603558940272,0.14003081306287646,5413.116652715774,0.02899905275836656,102.01333254859561,0.02314648767693117,0.5561904761904761,0.23619047619047612,12.472380952380954,-2.763809523809522,-0.4514,-0.04265000000000002,4460032.75,-0.0014514669516165757,13240.6,0.014395489055904154
2017-01,ERA_1_EARLY,False,914.9161593529486,0.10489066749868292,5561.423486328125,0.027397679216453863,101.12199974060059,-0.008737414862615367,0.421,-0.13519047619047614,11.6085,-0.8638809523809545,-0.4775,-0.026099999999999957,4454801.5,-0.001099120216126459,13318.9,0.014811992837822308
2017-02,ERA_1_EARLY,False,1062.533671787807,0.16134539862019381,5764.702097039473,0.03655154318153908,100.69105329011616,-0.004261648816181407,0.39999999999999997,-0.02100000000000002,11.530526315789475,-0.07797368421052475,-0.48675,-0.009250000000000036,4458373.75,0.0008068974552093433,13395.2,0.013697386145207435
2017-03,ERA_1_EARLY,False,1129.365228468372,0.06289829532471658,5864.96433423913,0.017392440322483882,100.75912973155145,0.0006760922565696159,0.4856521739130435,0.08565217391304353,11.89782608695652,0.3672997711670458,-0.47919999999999996,0.007550000000000057,4467057.8,0.001575111752262215,13464.6,0.01691766234158565
2017-04,ERA_1_EARLY,False,1206.641007486979,0.06842408201588368,5912.169484991777,0.008048667999064785,100.04526278847142,-0.007084885955068954,0.3910526315789474,-0.09459954233409612,13.136315789473684,1.238489702517164,-0.492,-0.012800000000000034,4477134.5,0.005013242453114852,13520.3,0.01512136888181459
2017-05,ERA_1_EARLY,False,1895.383529170867,0.5707932329585774,6124.878173828125,0.035978110806247354,98.26863653009588,-0.017758224716065918,0.4668181818181818,0.07576555023923442,10.862272727272726,-2.274043062200958,-0.5295000000000001,-0.03750000000000009,4468515.8,0.0022748317141423335,13567.4,0.012855351170568463
2017-06,ERA_1_EARLY,False,2636.204345703125,0.39085536258528597,6224.285888671875,0.0162301538124503,96.94863683527166,-0.013432563444797152,0.4581818181818182,-0.008636363636363609,10.513636363636364,-0.34863636363636274,-0.5602,-0.03069999999999995,4469079.0,0.0004524678413608818,13577.0,0.008347815753902754
2017-07,ERA_1_EARLY,False,2519.4183861517135,-0.04430079926913344,6294.6740234375,0.011308628174314883,94.8610008239746,-0.021533423052087053,0.546,0.08781818181818185,10.2645,-0.2491363636363637,-0.574,-0.013799999999999923,4469040.25,-0.0018079086076149276,13638.5,0.008742409561917963
2017-08,ERA_1_EARLY,False,3880.9899981098793,0.540430926217816,6311.397397248641,0.002656749777490086,93.17608642578125,-0.017761929386765685,0.43347826086956526,-0.11252173913043478,11.975652173913044,1.7111521739130442,-0.56475,0.00924999999999998,4462999.4,-0.001234503859200764,13695.0,0.00940489703259284
2017-09,ERA_1_EARLY,False,4064.8363118489583,0.047370983648145515,6428.0789794921875,0.01848744024491511,92.32400054931641,-0.00914489875192992,0.368,-0.06547826086956526,10.437999999999999,-1.5376521739130453,-0.5596,0.005149999999999988,4459721.25,-0.0020938878010435813,13743.0,0.012226559622891653
2017-10,ERA_1_EARLY,False,5360.071604082661,0.3186438992532379,6603.011341441761,0.0272137854104888,93.71954484419389,0.015115725992961293,0.49809523809523815,0.13009523809523815,10.125454545454545,-0.3125454545454538,-0.584,-0.024399999999999977,4462669.25,-0.001425585728389911,13801.5,0.011951460937786429
2017-11,ERA_1_EARLY,False,7813.132975260417,0.45765458978370877,6796.045224144345,0.02923421946757343,93.9971440633138,0.002962020564455381,0.4957142857142857,-0.002380952380952428,10.54047619047619,0.4150216450216444,-0.60025,-0.016249999999999987,4450387.0,-0.0028259918654706118,13849.1,0.011252281854691626
2017-12,ERA_1_EARLY,False,15294.270980342742,0.9575080865474421,6889.740454101562,0.013786728437936935,93.38800010681152,-0.0064804517474699175,0.503,0.007285714285714284,10.2645,-0.2759761904761895,-0.6077999999999999,-0.007549999999999946,4446506.0,-0.0029632457409753954,13887.3,0.010499890853525429
2018-01,ERA_2_INSTITUTIONALIZATION,False,13085.558089717742,-0.14441439500214104,7279.498046875,0.056570722129511974,90.74476187569755,-0.02830383162816197,0.54,0.03700000000000003,11.062380952380952,0.797880952380952,-0.61375,-0.005950000000000122,4437893.4,-0.005551800640390181,13902.4,0.007310799550773517
2018-02,ERA_2_INSTITUTIONALIZATION,False,9472.001150948661,-0.2761484771221574,7161.7726408305925,-0.016172187324776544,89.73052617123253,-0.011176796142286727,0.7573684210526316,0.21736842105263154,22.464736842105264,11.402355889724312,-0.56675,0.04700000000000004,4415167.25,-0.007913862322535103,13949.8,0.007271230621484381
2018-03,ERA_2_INSTITUTIONALIZATION,False,9040.557097404233,-0.04554940890196335,7311.506696428572,0.02090740143638703,89.87619127546039,0.0016233617526089095,0.7519047619047619,-0.005463659147869726,19.023809523809526,-3.4409273182957385,-0.5084,0.05835000000000001,4399193.75,-0.010640320737225983,14014.5,0.009159447840833002
2018-04,ERA_2_INSTITUTIONALIZATION,False,8033.596630859375,-0.11138256809793068,7084.142345610119,-0.031096784870553784,90.2933327811105,0.004641290421081745,0.7414285714285714,-0.010476190476190417,18.267619047619046,-0.7561904761904792,-0.518,-0.009600000000000053,4382144.25,-0.012562075060207678,14034.8,0.009523535504661007
2018-05,ERA_2_INSTITUTIONALIZATION,False,8450.997731854839,0.051956940356216785,7339.327281605114,0.036021994413074854,93.29954598166726,0.03329385579159472,0.8359090909090909,0.0944805194805195,14.124545454545455,-4.143073593073591,-0.55925,-0.04125000000000001,4343353.0,-0.016265352122278087,14091.0,0.01012200891769055
2018-06,ERA_2_INSTITUTIONALIZATION,False,6793.507666015625,-0.1961295125653082,7645.138532366072,0.04166747700806672,94.37714276994977,0.011549861008908202,0.7947619047619048,-0.041147186147186154,13.678095238095239,-0.44645021645021643,-0.5476000000000001,0.011649999999999938,4316371.0,-0.01882680207026577,14133.2,0.008469799136608502
2018-07,ERA_2_INSTITUTIONALIZATION,False,7146.349987399193,0.05193816489656067,7756.863862537202,0.014613905254710069,94.59761919294085,0.002336120977178835,0.7747619047619048,-0.020000000000000018,13.147619047619049,-0.5304761904761897,-0.549,-0.0013999999999999568,4287565.25,-0.021582813025837755,14170.0,0.009633197480548361
2018-08,ERA_2_INSTITUTIONALIZATION,False,6700.129945816532,-0.062440272638404015,7892.233462126359,0.01745158893956389,95.48173954175866,0.009346116280311012,0.79,0.015238095238095273,12.54695652173913,-0.600662525879919,-0.5851999999999999,-0.0361999999999999,4238067.8,-0.02424053490471534,14221.3,0.009247037115889478
2018-09,ERA_2_INSTITUTIONALIZATION,False,6610.675032552083,-0.013351220646146356,7983.307411595395,0.011539692775953236,94.73947464792352,-0.007773893703628132,0.8810526315789474,0.09105263157894739,12.910526315789474,0.36356979405034373,-0.5965,-0.011300000000000088,4205069.0,-0.025786013296818067,14243.9,0.007832621062462852
2018-10,ERA_2_INSTITUTIONALIZATION,False,6485.118746849798,-0.01899295988443306,7527.083899456522,-0.05714718081333414,95.85260938561481,0.011749429071968187,1.040909090909091,0.15985645933014359,19.35217391304348,6.441647597254006,-0.56875,0.027750000000000052,4167971.4,-0.027893184832580742,14257.6,0.006182074805928028
2018-11,ERA_2_INSTITUTIONALIZATION,False,5404.250170898437,-0.16666904927167325,7236.081449962798,-0.03866071554147754,96.76142883300781,0.009481426256606307,1.113,0.07209090909090898,19.38904761904762,0.036873706004140416,-0.49939999999999996,0.06935000000000002,4122799.0,-0.027198432266704153,14288.4,0.004718274700625136
2018-12,ERA_2_INSTITUTIONALIZATION,False,3717.488344254032,-0.31211764320747326,6814.2916067023025,-0.05828981420084256,96.87578984310753,0.0011818863309374095,1.016315789473684,-0.09668421052631593,24.953157894736844,5.564110275689224,-0.43,0.06939999999999996,4083567.0,-0.028894175101526254,14392.0,0.010397433287231861
2019-01,ERA_2_INSTITUTIONALIZATION,False,3701.554963142641,-0.004286060812004555,6979.655715215774,0.024267248608912606,95.93761880057198,-0.009684267287574433,0.92,-0.09631578947368402,19.57238095238095,-5.380776942355894,-0.471,-0.04099999999999998,4050343.0,-0.028221978682483218,14460.2,0.01420996521153639
2019-02,ERA_2_INSTITUTIONALIZATION,False,3711.9072614397323,0.0027967430985549324,7430.077354029605,0.0645335038276893,96.45842100444592,0.005428550451690439,0.7994736842105263,-0.1205263157894737,15.234736842105262,-4.337644110275688,-0.5565,-0.08550000000000002,4002697.75,-0.02913099813985598,14506.6,0.015271129027742747
2019-03,ERA_2_INSTITUTIONALIZATION,False,3976.0690996723793,0.07116606629072586,7629.366652715774,0.026821968223263104,96.78285689581008,0.0033634791860133184,0.6580952380952381,-0.14137844611528827,14.485238095238095,-0.7494987468671663,-0.5978,-0.0413,3964764.5,-0.02909282497385257,14559.5,0.01163841022790435
2019-04,ERA_2_INSTITUTIONALIZATION,False,5178.46943359375,0.30240931527584536,7994.9209216889885,0.04791410422555731,97.35857173374721,0.005948520806292157,0.5957142857142858,-0.062380952380952315,12.949047619047619,-1.5361904761904768,-0.61175,-0.013950000000000018,3933098.25,-0.02894686943797109,14594.0,0.0092529840527793
2019-05,ERA_2_INSTITUTIONALIZATION,False,7309.694131174395,0.4115549439676076,7804.820867365057,-0.023777602828843447,97.74181782115589,0.0039364390888638745,0.5686363636363636,-0.027077922077922145,16.721818181818183,3.772770562770564,-0.5952,0.016550000000000065,3871707.0,-0.032725616117279865,14703.2,0.013552451987371317
2019-06,ERA_2_INSTITUTIONALIZATION,False,9415.900179036458,0.2881387387851857,7825.459008789063,0.0026442812429305906,96.80450057983398,-0.009589725894365575,0.374,-0.1946363636363636,15.836000000000002,-0.8858181818181805,-0.5732499999999999,0.021950000000000025,3842108.25,-0.03093657895695945,14798.8,0.016436003983653302
2019-07,ERA_2_INSTITUTIONALIZATION,False,10669.336158014114,0.13311908103787062,8205.598677201704,0.048577299808955976,97.36590922962536,0.005799406498961046,0.3063636363636364,-0.0676363636363636,13.305909090909092,-2.5300909090909105,-0.5782499999999999,-0.0050000000000000044,3803776.8,-0.032880299900975074,14882.7,0.01978210223379473
2019-08,ERA_2_INSTITUTIONALIZATION,False,10643.248361895161,-0.0024451189589107525,7910.933238636364,-0.03591029127271772,98.00454503839666,0.006559131566934218,0.04,-0.2663636363636364,18.97909090909091,5.673181818181819,-0.5468,0.03144999999999998,3773093.25,-0.02547035454904001,14974.4,0.01844496436149945
2019-09,ERA_2_INSTITUTIONALIZATION,False,9814.06787109375,-0.07790671255685755,8087.699975585938,0.022344612401260067,98.59999961853028,0.006075785361794539,0.1125,0.07250000000000001,15.559000000000001,-3.4200909090909093,-0.513,0.03379999999999994,3808397.75,-0.008773958932573045,15047.2,0.01678514474146553
2019-10,ERA_2_INSTITUTIONALIZATION,False,8411.929167716733,-0.14287028801857604,8079.27829908288,-0.0010412943764580573,98.1730436242145,-0.004330182514884484,0.1459090909090909,0.0334090909090909,15.466521739130435,-0.09247826086956579,-0.53025,-0.017249999999999988,3970156.0,0.04374052652090432,15185.6,0.020352489803597384
2019-11,ERA_2_INSTITUTIONALIZATION,False,8373.572412109375,-0.004559804872651951,8517.57744140625,0.05424978891655763,98.06499977111817,-0.0011005450081582602,0.17157894736842105,0.025669856459330148,12.5235,-2.943021739130435,-0.5698,-0.039549999999999974,4042612.25,0.07143184176537387,15301.3,0.021830590875093536
2019-12,ERA_2_INSTITUTIONALIZATION,False,7284.013041834677,-0.1301188210540869,8778.59193638393,0.030644217416658348,97.37666684105282,-0.00701914986663843,0.14476190476190476,-0.026817042606516295,13.756666666666666,1.2331666666666656,-0.553,0.016799999999999926,4115957.5,0.08075830577307741,15351.5,0.0202230315274603
2020-01,ERA_2_INSTITUTIONALIZATION,False,8389.270476310483,0.1517374321171474,9233.35997953869,0.05180421261750645,97.43619028727214,0.0006112701137785947,0.03666666666666667,-0.10809523809523809,13.94095238095238,0.18428571428571416,-0.601,-0.04799999999999993,4159312.4,0.04764457618290052,15425.0,0.015764935201770136
2020-02,ERA_2_INSTITUTIONALIZATION,False,9630.722184806034,0.1479808896376804,9418.85002055921,0.020089116143155783,98.84315852115029,0.01443989373691612,-0.11157894736842106,-0.14824561403508774,19.628947368421052,5.687994987468672,-0.4635,0.13749999999999996,4169900.75,0.031486695267398,15492.8,0.012515276479776238
2020-03,ERA_2_INSTITUTIONALIZATION,False,6871.01611328125,-0.286552349716686,7772.205832741477,-0.1748243346293319,98.8350004716353,-8.25352977085192e-05,-0.11681818181818181,-0.005239234449760752,57.73681818181819,38.107870813397135,0.08399999999999999,0.5475,4618977.0,0.1222120247840266,16034.4,0.04448425235319031
2020-04,ERA_2_INSTITUTIONALIZATION,False,7224.477327473958,0.05144234977261797,8292.407180059523,0.06693097925001257,99.91285705566406,0.01090561621779007,-0.4457142857142857,-0.32889610389610385,41.453809523809525,-16.28300865800866,0.248,0.164,6298340.0,0.51427433053598,17064.0,0.10625607779578616
2020-05,ERA_2_INSTITUTIONALIZATION,True,9263.151745211693,0.28218988382520926,9105.65546875,0.0980714370425595,99.55300025939941,-0.0036017065958204864,-0.4415,0.0042142857142856704,30.897000000000002,-10.556809523809523,-0.11539999999999999,-0.3634,6947555.25,0.6661200509388623,17931.9,0.15743442115047013
2020-06,ERA_2_INSTITUTIONALIZATION,True,9489.227213541666,0.024405890624304538,9839.971324573864,0.08064393149334359,97.08772798018022,-0.024763415193872373,-0.5445454545454546,-0.10304545454545455,31.119545454545456,0.22254545454545394,-0.353,-0.23759999999999998,7127786.25,0.5431525746934873,18180.0,0.13381230354737328
2020-07,ERA_2_INSTITUTIONALIZATION,True,9589.899729082661,0.010609137422416204,10499.86270419034,0.06706232750582264,95.51409114490856,-0.016208401082296486,-0.8327272727272728,-0.2881818181818182,26.840454545454545,-4.279090909090911,-0.4384,-0.08540000000000003,6960429.4,0.10512125417173412,18331.4,0.07427332395686825
2020-08,ERA_2_INSTITUTIONALIZATION,True,11652.394184727822,0.21506944951576168,11212.290504092261,0.06785115386485985,93.0442857288179,-0.025858021434173706,-1.0114285714285716,-0.1787012987012988,22.88952380952381,-3.9509307359307364,-0.49975,-0.061350000000000016,6975892.25,0.004078700921450018,18413.3,0.026846011855966134
2020-09,ERA_2_INSTITUTIONALIZATION,True,10660.27685546875,-0.08514278812841636,11088.679966517857,-0.011024557161562032,93.43714287167504,0.004222259752760582,-0.9766666666666668,0.03476190476190477,27.64761904761905,4.75809523809524,-0.49875,0.0010000000000000009,7048374.2,-0.011141194083927553,18605.0,0.023377337733773373
2020-10,ERA_2_INSTITUTIONALIZATION,True,11886.978200604839,0.11507218450023537,11435.234108664772,0.031252966375919566,93.40636340054598,-0.0003294136590983321,-0.9166666666666666,0.060000000000000164,29.438636363636363,1.7910173160173137,-0.495,0.003750000000000031,7137411.5,0.025426893921228322,18759.9,0.023375192293005442
2020-11,ERA_2_INSTITUTIONALIZATION,True,16645.757421875,0.4003354882091079,11794.4615234375,0.03141408486779751,92.6195011138916,-0.00842407581248139,-0.8421052631578947,0.07456140350877194,24.9955,-4.443136363636363,-0.54425,-0.049250000000000016,7198114.0,0.031855674089576125,19002.4,0.03199317884355346
2020-12,ERA_2_INSTITUTIONALIZATION,True,21983.137096774193,0.3206450472409914,12619.050914417614,0.0699132715250732,90.51272721724077,-0.022746547663436423,-0.9822727272727273,-0.1401674641148326,22.37409090909091,-2.62140909090909,-0.59275,-0.04849999999999999,7319010.8,0.03839702494796593,19119.4,0.02764848159097033
2021-01,ERA_2_INSTITUTIONALIZATION,True,34761.64994959677,0.5812870472748723,13186.605777138158,0.044976033979869046,90.22631554854543,-0.003164324813768049,-1.0005263157894737,-0.01825358851674641,24.91,2.5359090909090902,-0.6148,-0.022050000000000014,7372161.25,0.03289004003762419,19375.3,0.03280401281456702
2021-02,ERA_2_INSTITUTIONALIZATION,True,46306.79896763393,0.33212315971126904,13737.403628700658,0.041769494051109524,90.65157880281147,0.004713295136574924,-0.9221052631578948,0.07842105263157895,23.140526315789476,-1.7694736842105243,-0.623,-0.008199999999999985,7500084.0,0.041951266679021826,19641.4,0.033627331284469264
2021-03,ERA_2_INSTITUTIONALIZATION,True,54998.008694556454,0.1876875517350538,13168.811820652174,-0.04139004890709941,92.00913039497708,0.014975487576654345,-0.6643478260869565,0.25775743707093823,21.84304347826087,-1.2974828375286052,-0.639,-0.016000000000000014,7647908.2,0.04493741148735575,19874.5,0.039493917173133
2021-04,ERA_2_INSTITUTIONALIZATION,True,57206.720052083336,0.04015984232799119,13900.437965029761,0.05555749101298613,91.58761887323288,-0.004581192322269834,-0.7145454545454546,-0.05019762845849807,17.416190476190476,-4.426853002070395,-0.669,-0.030000000000000027,7775974.0,0.05477535505615805,20174.1,0.041227748731632596
2021-05,ERA_2_INSTITUTIONALIZATION,True,46443.28666834677,-0.18814980781868096,13520.229052734376,-0.027352297334220843,90.31799964904785,-0.013862345585622493,-0.8470000000000001,-0.1324545454545455,19.7605,2.3443095238095246,-0.69,-0.020999999999999908,7866893.25,0.048907352237654855,20457.5,0.04154999134481252
2021-06,ERA_2_INSTITUTIONALIZATION,True,35845.1546875,-0.22819513305611694,14097.169078480114,0.04267235588209628,91.03909128362483,0.007983919455467836,-0.8236363636363637,0.023363636363636364,16.956818181818182,-2.8036818181818184,-0.69175,-0.0017500000000000293,8026555.2,0.04950987774670201,20472.7,0.030098870411834344
2021-07,ERA_2_INSTITUTIONALIZATION,True,34444.97379032258,-0.039061929272847795,14639.07287016369,0.03844061092455897,92.52285802932013,0.01629812781272988,-1.0090476190476192,-0.18541125541125547,17.603333333333335,0.6465151515151533,-0.6676,0.024150000000000005,8190356.75,0.053290140887816806,20630.0,0.022598281955576782
2021-08,ERA_2_INSTITUTIONALIZATION,True,45709.02268145161,0.32701574864585026,14856.517711292614,0.01485373035966675,92.7999995838512,0.002995384712859206,-1.0654545454545454,-0.05640692640692624,17.472727272727273,-0.1306060606060626,-0.648,0.01959999999999995,8291893.25,0.054023867681183946,20844.0,0.01889282659171454
2021-09,ERA_2_INSTITUTIONALIZATION,True,45939.771484375,0.005048211258671831,15023.538550967261,0.011242260327781528,92.99238041469029,0.002073069307131359,-0.9695238095238095,0.09593073593073598,19.824761904761903,2.3520346320346306,-0.651,-0.0030000000000000027,8418612.4,0.04884501386098994,20985.4,0.02504310618531025
2021-10,ERA_2_INSTITUTIONALIZATION,True,57911.9705141129,0.2606064123285827,14879.01232328869,-0.009619985810151555,93.95142800467355,0.010313184647026796,-0.9525,0.01702380952380944,17.871428571428574,-1.9533333333333296,-0.642,0.009000000000000008,8516524.5,0.039823387424485546,21164.2,0.02589432864760055
2021-11,ERA_2_INSTITUTIONALIZATION,True,60621.48880208333,0.04678684327120464,15814.932896205357,0.06290206315991553,95.27095140729632,0.014044740251921928,-1.0565,-0.10399999999999998,18.50047619047619,0.6290476190476149,-0.577,0.06500000000000006,8648682.25,0.04302865331750372,21340.9,0.02383899443484938
2021-12,ERA_2_INSTITUTIONALIZATION,True,49263.2091733871,-0.18736391753390746,15474.43172940341,-0.021530357987395998,96.19000001387163,0.009646682362247416,-0.9931818181818183,0.06331818181818172,21.354545454545455,2.854069264069267,-0.545,0.03199999999999992,8723909.4,0.03626452739408692,21502.8,0.024655236497755473
2022-01,ERA_3_POST_2022,True,41114.42237903226,-0.16541323496961635,14531.377490234376,-0.060942738037811695,95.96649971008301,-0.0023235295119699018,-0.6855,0.3076818181818183,23.181,1.8264545454545456,-0.5555000000000001,-0.010500000000000065,8820579.5,0.03570177012935272,21647.4,0.02283100707799024
2022-02,ERA_3_POST_2022,True,40763.47405133928,-0.008535893425854257,13898.728412828947,-0.043536758840006184,95.9968426353053,0.00031618247319586956,-0.5236842105263158,0.16181578947368425,25.748421052631578,2.567421052631577,-0.482,0.07350000000000012,8897595.5,0.02878048271457767,21725.6,0.01802641875459776
2022-03,ERA_3_POST_2022,True,41966.23752520161,0.029505911894249115,13623.262950067934,-0.019819472298397423,98.46695676057234,0.025731201750572863,-0.7186956521739131,-0.19501144164759732,26.968695652173913,1.2202745995423356,-0.389,0.09299999999999997,8933825.0,0.024062102249709172,21788.1,0.013268039511133312
2022-04,ERA_3_POST_2022,True,41435.319661458336,-0.012651071314755069,13394.163037109374,-0.016816816485026975,100.70849990844727,0.022764419878694486,-0.1365,0.5821956521739131,24.3735,-2.5951956521739135,-0.3574,0.03160000000000002,8949532.25,0.014619532650887557,21768.4,0.005589585816310416
2022-05,ERA_3_POST_2022,True,31706.10521673387,-0.23480486030313497,11829.729538690477,-0.11679964579231528,103.16761888776507,0.024418186960915467,0.20952380952380953,0.3460238095238095,29.313636363636363,4.940136363636363,-0.28975,0.06764999999999999,8935539.75,0.0042645510239254225,21718.0,-0.00034981772655295895
2022-06,ERA_3_POST_2022,True,24383.685481770834,-0.23094667998194884,11418.91908482143,-0.0347269523386351,103.8442862374442,0.006558912156490404,0.5257142857142857,0.31619047619047613,28.23318181818182,-1.0804545454545433,-0.20174999999999998,0.08800000000000002,8922724.6,-0.0012425137049361101,21647.0,-0.006476012135064435
2022-07,ERA_3_POST_2022,True,21539.253843245966,-0.11665306463419389,11622.63154296875,0.01783990731820695,107.03350028991699,0.030711502462259066,0.534,0.00828571428571434,24.995238095238093,-3.237943722943726,-0.18760000000000002,0.014149999999999968,8894233.75,-0.006178926278521457,21649.2,-0.005475827346061335
2022-08,ERA_3_POST_2022,True,22366.266318044356,0.03839559535427983,12570.260402513586,0.0815330724407346,107.1495653235394,0.0010843804351725606,0.3895652173913044,-0.14443478260869563,22.169565217391302,-2.8256728778467917,-0.23325,-0.045649999999999996,8856209.8,-0.008878025527221167,21641.9,-0.003504005893728679
2022-09,ERA_3_POST_2022,True,19804.779231770834,-0.11452457240066927,11402.84998139881,-0.09287082238020605,110.74333336239769,0.03353973511704744,1.1366666666666667,0.7471014492753623,27.34181818181818,5.172252964426878,-0.1534,0.07985,8816882.25,-0.011862111041732626,21541.3,-0.004882893703515578
2022-10,ERA_3_POST_2022,True,19650.52564264113,-0.007788705308173882,10801.49428013393,-0.05273731586803798,111.94142804827008,0.010818661941046415,1.59,0.45333333333333337,30.005714285714287,2.663896103896107,-0.1085,0.04490000000000001,8746258.5,-0.016637211721583056,21464.2,-0.008545350405557706
2022-11,ERA_3_POST_2022,True,17600.814322916667,-0.10430821836524518,10973.638113839286,0.01593703882452302,108.14000047956195,-0.03395907694753486,1.52,-0.07000000000000006,23.29909090909091,-6.7066233766233765,-0.16325,-0.05475000000000001,8637468.4,-0.024699211619851225,21409.5,-0.010738428696186686
2022-12,ERA_3_POST_2022,True,16949.60880796371,-0.03699860148544798,10838.995814732143,-0.012269613569390492,104.5028566632952,-0.03363365822209474,1.3566666666666667,-0.16333333333333333,21.784285714285716,-1.514805194805195,-0.1996,-0.03634999999999999,8570432.0,-0.02795208589748377,21293.2,-0.011517410741227252
2023-01,ERA_3_POST_2022,True,20250.717489919356,0.19476016935592244,11013.990966796875,0.016144959833537476,102.71199913024903,-0.01713692419735724,1.2945,-0.0621666666666667,20.16904761904762,-1.6152380952380945,-0.278,-0.07840000000000003,8493903.0,-0.02885296609973287,21274.0,-0.008861266667287926
2023-02,ERA_3_POST_2022,True,23304.539202008928,0.15080066736448905,11785.074321546053,0.07000944136178355,103.66000004818565,0.009229699801037494,1.4131578947368422,0.11865789473684218,20.1205,-0.04854761904762128,-0.29725,-0.01924999999999999,8408984.0,-0.0264527045910814,21240.2,-0.007907704523692716
2023-03,ERA_3_POST_2022,True,25116.900894657258,0.07776861309886351,11637.092221467392,-0.012556738807163348,103.76739137069039,0.00103599577903557,1.3608695652173914,-0.05228832951945073,21.644347826086957,1.523847826086957,-0.18619999999999998,0.11105000000000004,8552199.2,-0.0021274073465609167,20942.3,-0.016479439445456823
2023-04,ERA_3_POST_2022,True,28857.574544270832,0.1489305414430835,12073.464740953947,0.03749841551324673,101.764209948088,-0.01930453677346855,1.1935,-0.16736956521739144,17.817894736842106,-3.8264530892448505,-0.1725,0.01369999999999999,8600803.0,0.012585498091984393,20758.2,-0.024245557958070818
2023-05,ERA_3_POST_2022,True,27499.307144657258,-0.047067968152688544,12446.530495383522,0.030899643344640904,102.70136295665394,0.009209062882166608,1.36,0.1665000000000001,17.63608695652174,-0.1818077803203657,-0.20725,-0.03475,8457176.0,0.005731013401856888,20829.4,-0.019340684174348644
2023-06,ERA_3_POST_2022,True,27763.1984375,0.009596288788461749,13463.778134300595,0.08172941361404895,103.11190432593936,0.003997428636450584,1.5476190476190477,0.18761904761904757,14.003181818181817,-3.6329051383399236,-0.2198,-0.012550000000000006,8370155.5,-0.02128618566321505,20798.9,-0.006847385435219566
2023-07,ERA_3_POST_2022,True,30057.469947076614,0.08263714696782642,14033.090966796875,0.04228477525531171,101.32749938964844,-0.01730551819361592,1.6030000000000002,0.05538095238095253,13.932380952380951,-0.07080086580086586,-0.25725,-0.03744999999999998,8278282.75,-0.037498853304743784,20792.2,0.001637906947615786
2023-08,ERA_3_POST_2022,True,27852.792842741936,-0.07334872523258085,13743.213018002718,-0.020656742657766958,103.09652179220448,0.0174584630353245,1.8326086956521739,0.22960869565217368,15.85391304347826,1.9215320910973084,-0.31725000000000003,-0.06000000000000005,8164222.8,-0.034639600736699805,20782.0,-0.0022756296388758424
2023-09,ERA_3_POST_2022,True,26306.136393229168,-0.05552967195229774,13585.83955078125,-0.011450995266923392,105.33149948120118,0.021678497490937643,2.037,0.20439130434782604,15.173333333333332,-0.6805797101449276,-0.33,-0.012749999999999984,8056562.75,-0.03746558232998176,20753.6,-0.0021779997980664323
2023-10,ERA_3_POST_2022,True,29755.895161290322,0.13113893718535863,13199.427689985796,-0.028442251165349042,106.35318235917525,0.009699689864914651,2.4119047619047618,0.37490476190476185,18.887727272727272,3.71439393939394,-0.29174999999999995,0.03825000000000006,7937207.0,-0.04120126846355909,20737.4,-0.0026356037360163453
2023-11,ERA_3_POST_2022,True,36596.16484375,0.22987947918832008,13913.160574776786,0.05407301752427407,104.52809506370907,-0.017160627025738617,2.198571428571429,-0.21333333333333293,14.01909090909091,-4.868636363636362,-0.3045,-0.012750000000000039,7829861.0,-0.040954516821858356,20749.7,-0.0015542296217880835
2023-12,ERA_3_POST_2022,True,42546.893523185485,0.16260525398884162,14690.473974609375,0.055868930402613426,102.6830005645752,-0.01765166100089466,1.8355000000000001,-0.3630714285714287,12.7185,-1.300590909090909,-0.3488,-0.044300000000000006,7728448.75,-0.04072630105189712,20779.9,0.0012672500192738578
2024-01,ERA_3_POST_2022,True,42919.612399193546,0.008760190113643596,15081.388160342261,0.026610045830279816,102.97476196289062,0.0028413797484614367,1.7919047619047621,-0.04359523809523802,13.388636363636364,0.6701363636363631,-0.385,-0.03620000000000001,7669765.8,-0.033694623310189575,20835.5,0.004730583390396115
2024-02,ERA_3_POST_2022,True,49875.174299568964,0.16206022169263834,15808.935009765624,0.04824137152947938,104.10450096130371,0.010971028015779316,1.925,0.13309523809523793,13.980476190476189,0.5918398268398253,-0.4135,-0.02849999999999997,7603666.0,-0.028888763159397035,20921.7,0.008289276471467044
2024-03,ERA_3_POST_2022,True,67702.43926411291,0.35743764738478334,16216.2955078125,0.02576773816801947,103.62400093078614,-0.004615554813486744,1.8969999999999998,-0.028000000000000247,13.7875,-0.1929761904761893,-0.4342,-0.020699999999999996,7519978.25,-0.02697443002387767,20965.9,0.008950957415579497
2024-04,ERA_3_POST_2022,True,65882.38059895833,-0.026883206645692215,15950.863547585228,-0.01636822417915329,105.41181876442649,0.01725293192292865,2.145,0.24800000000000022,16.137727272727275,2.3502272727272757,-0.4175,0.016699999999999993,7421418.5,-0.03238003694975922,20955.4,0.0057546015214418045
2024-05,ERA_3_POST_2022,True,65266.317288306454,-0.009350957039667485,16536.317160866478,0.036703568526851305,104.96500084616922,-0.004238783881111208,2.148181818181818,0.0031818181818179525,13.058695652173913,-3.079031620553362,-0.41059999999999997,0.006900000000000017,7320807.8,-0.03720023998949984,21021.6,0.004774946586558304
2024-06,ERA_3_POST_2022,True,65899.46575520834,0.009700998818502615,17495.891652960527,0.05802830719556473,105.16684281198602,0.0019229454026548076,2.05,-0.09818181818181815,12.667,-0.39169565217391344,-0.39,0.02059999999999995,7249591.5,-0.035955788834894586,21070.7,0.004998592953319392
2024-07,ERA_3_POST_2022,True,62804.542086693546,-0.04696432107676363,17963.290926846592,0.02671480157497297,104.61045455932617,-0.0052905291989656655,1.9740909090909091,-0.0759090909090907,14.373913043478263,1.706913043478263,-0.36575,0.024249999999999994,7207538.4,-0.028819301862575197,21098.9,0.00684787691955302
2024-08,ERA_3_POST_2022,True,59921.19758064516,-0.04590980859423033,17268.26886541193,-0.03869124339549235,102.21272693980823,-0.022920535329077896,1.760909090909091,-0.21318181818181814,19.312272727272727,4.938359683794465,-0.3706,-0.0048499999999999654,7154033.5,-0.022780860330741115,21192.0,0.00810594816759913
2024-09,ERA_3_POST_2022,True,60358.515885416666,0.007298223707610907,17599.23017578125,0.019165865029599383,101.0185001373291,-0.01168373878902973,1.616,-0.14490909090909088,17.663333333333334,-1.6489393939393935,-0.41425,-0.04365000000000002,7104191.0,-0.020056371452101818,21275.6,0.009724404030240885
2024-10,ERA_3_POST_2022,True,65577.26449092742,0.08646250705398262,18316.404636548912,0.040750331327252365,103.31130450704823,0.022696875984123732,1.8095454545454546,0.19354545454545447,19.960869565217394,2.2975362318840595,-0.43674999999999997,-0.022499999999999964,7035189.4,-0.023912324906933513,21336.6,0.011265990170103546
2024-11,ERA_3_POST_2022,True,86570.7078125,0.3201329528540642,18961.3357421875,0.035210573168474424,105.84349975585937,0.02451034047913292,2.034736842105263,0.2251913875598084,16.015238095238097,-3.945631469979297,-0.46340000000000003,-0.026650000000000063,6947569.5,-0.028859803354289615,21454.7,0.012396187240468093
2024-12,ERA_3_POST_2022,True,98232.94858870968,0.13471347377069454,19734.54175967262,0.04077803526071189,107.18999989827473,0.012721613944372878,2.0880952380952382,0.05335839598997527,15.866190476190477,-0.14904761904761976,-0.479,-0.015599999999999947,6892151.75,-0.029847064922663202,21487.6,0.009964466337024636
2025-01,ERA_3_POST_2022,True,99992.84778225806,0.01791556925484228,19565.0439453125,-0.008588890303320107,108.60904729933966,0.013238617430838984,2.2285714285714286,0.14047619047619042,16.763636363636365,0.8974458874458886,-0.49820000000000003,-0.01920000000000005,6838012.2,-0.028027276707006665,21539.3,0.00950010779599375
2025-02,ERA_3_POST_2022,True,95290.70954241071,-0.04702474571067927,19547.281455592107,-0.00090786863398018,107.35315744500411,-0.011563399970484611,2.026842105263158,-0.20172932330827065,16.968,0.20436363636363453,-0.49424999999999997,0.003950000000000065,6793220.25,-0.022216294489749266,21607.2,0.0071079996457652506
2025-03,ERA_3_POST_2022,True,85075.9800907258,-0.10719543910142337,17828.026506696428,-0.08795366009342609,104.18714287167504,-0.02949158318842182,1.946190476190476,-0.08065162907268197,21.841428571428573,4.8734285714285726,-0.4345,0.05974999999999997,6753142.5,-0.020169209129790255,21684.1,0.009144809099201456
2025-04,ERA_3_POST_2022,True,86447.71510416667,0.016123646321535512,16678.45972842262,-0.06448087666024149,100.71761866978237,-0.033300886330725143,2.038095238095238,0.09190476190476193,31.966190476190473,10.1247619047619,-0.38725,0.047250000000000014,6722837.6,-0.01684328670838009,21770.8,0.010747795889374245
2025-05,ERA_3_POST_2022,True,103644.5148689516,0.1989271751608861,18642.369233630954,0.11775125144569176,100.08318120783025,-0.006299170595287951,2.1104761904761906,0.07238095238095266,20.46227272727273,-11.503917748917743,-0.4358000000000001,-0.04855000000000009,6696532.25,-0.01423301415849132,21836.1,0.010593690991891558
2025-06,ERA_3_POST_2022,True,105825.24713541666,0.02104049856591428,19673.301171875,0.05530047845979991,98.36100006103516,-0.017207498063224635,2.0865,-0.023976190476190595,18.403333333333336,-2.0589393939393936,-0.48475,-0.04894999999999994,6673324.0,-0.01181946034753445,21942.6,0.011921177268136463
2025-07,ERA_3_POST_2022,True,115363.2351310484,0.09012960757300825,20784.895951704544,0.05650270740625296,98.00272820212625,-0.0036424178148513064,2.0081818181818183,-0.07831818181818173,16.381304347826084,-2.0220289855072515,-0.5095000000000001,-0.02475000000000005,6656215.2,-0.009909863061395296,22025.6,0.011703749977033384
2025-08,ERA_3_POST_2022,True,114834.93876008065,-0.004579417093908744,21383.58714657738,0.028804146831619803,98.23999968029204,0.002421070132623493,1.8828571428571428,-0.1253246753246755,15.75,-0.6313043478260845,-0.523,-0.013499999999999956,6626564.25,-0.01044839289768218,22092.6,0.011746603102202213
2025-09,ERA_3_POST_2022,True,113173.046875,-0.014472005672008681,22188.587797619046,0.03764572545867306,97.68571472167969,-0.005642151470034551,1.749047619047619,-0.13380952380952382,15.789090909090909,0.039090909090909065,-0.52525,-0.0022499999999999742,6606256.25,-0.010050126443733265,22176.1,0.01064140074558173
2025-10,ERA_3_POST_2022,True,114085.4339717742,0.008061876232615006,23003.125764266304,0.03670977053955027,98.7652176566746,0.011050775828078452,1.7568181818181818,0.007770562770562872,18.086521739130436,2.297430830039527,-0.5176000000000001,0.007649999999999935,6590191.0,-0.009919180497649838,22249.8,0.010179064361470314
2025-11,ERA_3_POST_2022,True,96271.79869791666,-0.1561429417734853,23023.622738486843,0.0008910516957820747,99.74736906352796,0.009944304585724595,1.8277777777777777,0.07095959595959589,19.7695,1.6829782608695645,-0.50675,0.010850000000000026,6565224.0,-0.00925672002652056,22279.8,0.008473425490888475
2025-12,ERA_3_POST_2022,True,88926.51234879032,-0.07629738353777427,23377.326882102272,0.01536266241125328,98.54272738370028,-0.01207692685167916,1.8990909090909092,0.07131313131313144,15.548181818181819,-4.221318181818182,-0.52125,-0.014499999999999957,6570758.8,-0.005373308066879856,22355.3,0.008080771641542084
2026-01,ERA_3_POST_2022,True,90463.82182459677,0.017287414463942774,23520.72236328125,0.006133955430497107,98.20899925231933,-0.0033866338008029517,1.907,0.007909090909090866,16.17904761904762,0.6308658008658004,-0.5598,-0.03854999999999997,6581862.5,-0.0012637721729157336,22413.4,0.0073528750820233135
2026-02,ERA_3_POST_2022,True,68822.85672433036,-0.23922231742791922,22892.92341694079,-0.026691312309375825,97.45526323820415,-0.007674816155886832,1.8247368421052632,-0.08226315789473682,19.207,3.0279523809523816,-0.53125,0.028549999999999964,6613870.75,0.007409762408715936,22598.7,0.014313413944470055
2026-03,ERA_3_POST_2022,True,69478.44682459677,0.00952576122918547,22130.037642045456,-0.03332408714261448,99.48227275501598,0.020799384758289907,1.9090909090909092,0.08435406698564596,25.596818181818183,6.389818181818182,-0.47025,0.061,6647084.5,0.011615964354071195,22640.3,0.012748654681440152
2026-04,ERA_3_POST_2022,True,73740.06510416667,0.06133727039593517,23677.052920386905,0.0699056776750453,98.72523898170108,-0.007609735406620244,1.9368181818181818,0.0277272727272726,19.811904761904763,-5.784913419913419,-0.4795,-0.00924999999999998,6696456.0,0.017410497408598236,22756.6,0.01531226855363288
2026-05,ERA_3_POST_2022,True,77976.0120967742,0.057444307739947575,26155.774609375,0.1046887759774282,98.71650009155273,-8.85172853313243e-05,2.039,0.10218181818181837,17.237142857142857,-2.574761904761907,-0.5058,-0.026300000000000046,6714008.25,0.015140528713839752,23013.7,0.018363888188258626
2026-06,ERA_3_POST_2022,True,63001.15859375,-0.19204436211022513,26074.847191220237,-0.0030940554949481225,100.29476202101935,0.01598782298808099,2.179047619047619,0.14004761904761898,17.90681818181818,0.6696753246753246,-0.507,-0.0011999999999999789,6727240.25,0.012058783064966327,23114.9,0.02096261975327196
2026-07,ERA_3_POST_2022,True,63866.40574596774,0.013733829210937465,25623.679953835228,-0.017302775892658828,100.95954617587003,0.006628303826189397,2.3531818181818185,0.17413419913419936,17.09086956521739,-0.8159486166007923,-0.5274,-0.020399999999999974,6737753.8,0.006167112872838887,23217.9,0.020271042247084425
2026-08,ERA_3_POST_2022,True,69487.21572580645,0.08800886654238549,26388.689453125,0.029855567220167023,99.50380961100261,-0.014419008603025474,2.3971428571428572,0.043961038961038756,15.229523809523808,-1.8613457556935806,-0.5487500000000001,-0.02135000000000009,6746283.25,0.004807113545027386,23342.8,0.014300177720227403
