asset,anchor,cycle_id,broad_episode_id,anchor_date,episode_weight,drawdown,trough_month,recovery50_months,recovery100_months,recovery50_observed,recovery100_observed,recovery_censor_months,source_module,anchor_to_recovery50_months,anchor_to_recovery100_months,anchor_to_censor_months
GOLD,FIRST_HIKE,T01_1983,B01,1983-03-31,0.5,0.2443991853360488,10.0,39.0,,True,False,60.0,PHASE_CLOCK_004,49.0,,70.0
GOLD,FIRST_HIKE,T02_1984,B01,1984-03-29,0.5,0.2253886010362694,11.0,11.0,19.0,True,True,60.0,PHASE_CLOCK_004,22.0,30.0,71.0
GOLD,FIRST_HIKE,T03_1987,B02,1987-01-05,0.3333333333333333,0.0217391304347825,5.0,2.0,2.0,True,True,60.0,PHASE_CLOCK_004,7.0,7.0,65.0
GOLD,FIRST_HIKE,T04_1987,B02,1987-08-27,0.3333333333333333,0.1131687242798353,12.0,,,False,False,60.0,PHASE_CLOCK_004,,,72.0
GOLD,FIRST_HIKE,T05_1988,B02,1988-03-30,0.3333333333333333,0.1415929203539823,11.0,,,False,False,60.0,PHASE_CLOCK_004,,,71.0
GOLD,FIRST_HIKE,T06_1994,B03,1994-02-04,1.0,0.0382653061224489,12.0,2.0,11.0,True,True,60.0,PHASE_CLOCK_004,14.0,23.0,72.0
GOLD,FIRST_HIKE,T07_1999,B04,1999-06-30,1.0,0.1157556270096462,11.0,21.0,24.0,True,True,60.0,PHASE_CLOCK_004,32.0,35.0,71.0
GOLD,FIRST_HIKE,T08_2004,B05,2004-06-30,1.0,0.0452488687782804,11.0,3.0,4.0,True,True,60.0,PHASE_CLOCK_004,14.0,15.0,71.0
GOLD,FIRST_HIKE,T09_2015,B06,2015-12-16,1.0,0.1365671641791045,12.0,4.0,30.0,True,True,60.0,PHASE_CLOCK_004,16.0,42.0,72.0
GOLD,FIRST_HIKE,T10_2022,B07,2022-03-16,1.0,0.1409395973154362,7.0,3.0,6.0,True,True,46.0,PHASE_CLOCK_004,10.0,13.0,53.0
SP500,FIRST_HIKE,T01_1983,B01,1983-03-31,0.5,0.062054979990809,11.0,6.0,11.0,True,True,60.0,PHASE_CLOCK_004,17.0,22.0,71.0
SP500,FIRST_HIKE,T02_1984,B01,1984-03-29,0.5,0.041391758799829,4.0,1.0,1.0,True,True,60.0,PHASE_CLOCK_004,5.0,5.0,64.0
SP500,FIRST_HIKE,T03_1987,B02,1987-01-05,0.3333333333333333,0.2684075033871038,11.0,13.0,19.0,True,True,60.0,PHASE_CLOCK_004,24.0,30.0,71.0
SP500,FIRST_HIKE,T04_1987,B02,1987-08-27,0.3333333333333333,0.2438486458674028,4.0,13.0,18.0,True,True,60.0,PHASE_CLOCK_004,17.0,22.0,64.0
SP500,FIRST_HIKE,T05_1988,B02,1988-03-30,0.3333333333333333,0.025698756229754,5.0,1.0,2.0,True,True,60.0,PHASE_CLOCK_004,6.0,7.0,65.0
SP500,FIRST_HIKE,T06_1994,B03,1994-02-04,1.0,0.054463296784632,2.0,4.0,10.0,True,True,60.0,PHASE_CLOCK_004,6.0,12.0,62.0
SP500,FIRST_HIKE,T07_1999,B04,1999-06-30,1.0,0.0586390864419136,4.0,1.0,1.0,True,True,60.0,PHASE_CLOCK_004,5.0,5.0,64.0
SP500,FIRST_HIKE,T08_2004,B05,2004-06-30,1.0,0.0293418172312237,10.0,2.0,2.0,True,True,60.0,PHASE_CLOCK_004,12.0,12.0,70.0
SP500,FIRST_HIKE,T09_2015,B06,2015-12-16,1.0,0.0846854814056811,2.0,1.0,4.0,True,True,60.0,PHASE_CLOCK_004,3.0,6.0,62.0
SP500,FIRST_HIKE,T10_2022,B07,2022-03-16,1.0,0.1600389225564058,7.0,6.0,9.0,True,True,47.0,PHASE_CLOCK_004,13.0,16.0,54.0
NASDAQ,FIRST_HIKE,T01_1983,B01,1983-03-31,0.5,0.2132434155839719,12.0,11.0,21.0,True,True,60.0,PHASE_CLOCK_004,23.0,33.0,72.0
NASDAQ,FIRST_HIKE,T02_1984,B01,1984-03-29,0.5,0.0864145325172148,4.0,1.0,6.0,True,True,60.0,PHASE_CLOCK_004,5.0,10.0,64.0
NASDAQ,FIRST_HIKE,T03_1987,B02,1987-01-05,0.3333333333333333,0.2985083157554079,11.0,6.0,20.0,True,True,60.0,PHASE_CLOCK_004,17.0,31.0,71.0
NASDAQ,FIRST_HIKE,T04_1987,B02,1987-08-27,0.3333333333333333,0.2896585442825429,4.0,6.0,18.0,True,True,60.0,PHASE_CLOCK_004,10.0,22.0,64.0
NASDAQ,FIRST_HIKE,T05_1988,B02,1988-03-30,0.3333333333333333,0.0472917743763664,8.0,2.0,3.0,True,True,60.0,PHASE_CLOCK_004,10.0,11.0,68.0
NASDAQ,FIRST_HIKE,T06_1994,B03,1994-02-04,1.0,0.094289838567527,5.0,2.0,8.0,True,True,60.0,PHASE_CLOCK_004,7.0,13.0,65.0
NASDAQ,FIRST_HIKE,T07_1999,B04,1999-06-30,1.0,0.265370509662039,11.0,,,False,False,60.0,PHASE_CLOCK_004,,,71.0
NASDAQ,FIRST_HIKE,T08_2004,B05,2004-06-30,1.0,0.0893397089906309,10.0,2.0,4.0,True,True,60.0,PHASE_CLOCK_004,12.0,14.0,70.0
NASDAQ,FIRST_HIKE,T09_2015,B06,2015-12-16,1.0,0.1218495988446647,2.0,2.0,6.0,True,True,60.0,PHASE_CLOCK_004,4.0,8.0,62.0
NASDAQ,FIRST_HIKE,T10_2022,B07,2022-03-16,1.0,0.2228429854523177,7.0,7.0,9.0,True,True,47.0,PHASE_CLOCK_004,14.0,16.0,54.0
WTI,FIRST_HIKE,T03_1987,B02,1987-01-05,0.3333333333333333,0.2000093593523328,11.0,15.0,25.0,True,True,60.0,PHASE_CLOCK_004,26.0,36.0,71.0
WTI,FIRST_HIKE,T04_1987,B02,1987-08-27,0.3333333333333333,0.2747671861107211,11.0,8.0,18.0,True,True,60.0,PHASE_CLOCK_004,19.0,29.0,71.0
WTI,FIRST_HIKE,T05_1988,B02,1988-03-30,0.3333333333333333,0.2290846079509479,7.0,2.0,3.0,True,True,60.0,PHASE_CLOCK_004,9.0,10.0,67.0
WTI,FIRST_HIKE,T06_1994,B03,1994-02-04,1.0,0.1286417303359989,10.0,2.0,4.0,True,True,60.0,PHASE_CLOCK_004,12.0,14.0,70.0
WTI,FIRST_HIKE,T07_1999,B04,1999-06-30,1.0,0.1522982369635861,10.0,1.0,2.0,True,True,60.0,PHASE_CLOCK_004,11.0,12.0,70.0
WTI,FIRST_HIKE,T08_2004,B05,2004-06-30,1.0,0.1879130449451944,6.0,3.0,3.0,True,True,60.0,PHASE_CLOCK_004,9.0,9.0,66.0
WTI,FIRST_HIKE,T09_2015,B06,2015-12-16,1.0,0.2855678725835522,2.0,1.0,3.0,True,True,60.0,PHASE_CLOCK_004,3.0,5.0,62.0
WTI,FIRST_HIKE,T10_2022,B07,2022-03-16,1.0,0.3618978645427118,12.0,37.0,,True,False,42.0,PHASE_CLOCK_004,49.0,,54.0
GOLD,LAST_HIKE,T01_1983,B01,1983-08-11,0.5,0.1553398058252427,11.0,26.0,26.0,True,True,60.0,PHASE_CLOCK_004,37.0,37.0,71.0
GOLD,LAST_HIKE,T02_1984,B01,1984-08-09,0.5,0.1408045977011494,6.0,2.0,17.0,True,True,60.0,PHASE_CLOCK_004,8.0,23.0,66.0
GOLD,LAST_HIKE,T03_1987,B02,1987-05-22,0.3333333333333333,0.0905349794238683,9.0,,,False,False,60.0,PHASE_CLOCK_004,,,69.0
GOLD,LAST_HIKE,T04_1987,B02,1987-09-24,0.3333333333333333,0.1502057613168724,12.0,,,False,False,60.0,PHASE_CLOCK_004,,,72.0
GOLD,LAST_HIKE,T05_1988,B02,1989-05-17,0.3333333333333333,0.1151079136690647,12.0,3.0,,True,False,60.0,PHASE_CLOCK_004,15.0,,72.0
GOLD,LAST_HIKE,T06_1994,B03,1995-02-01,1.0,0.020460358056266,7.0,3.0,4.0,True,True,60.0,PHASE_CLOCK_004,10.0,11.0,67.0
GOLD,LAST_HIKE,T07_1999,B04,2000-05-16,1.0,0.0909090909090909,11.0,5.0,10.0,True,True,60.0,PHASE_CLOCK_004,16.0,21.0,71.0
GOLD,LAST_HIKE,T08_2004,B05,2006-06-29,1.0,0.1318518518518519,4.0,3.0,6.0,True,True,60.0,PHASE_CLOCK_004,7.0,10.0,64.0
GOLD,LAST_HIKE,T09_2015,B06,2018-12-19,1.0,0.0272727272727272,5.0,1.0,1.0,True,True,60.0,PHASE_CLOCK_004,6.0,6.0,65.0
GOLD,LAST_HIKE,T10_2022,B07,2023-07-26,1.0,0.0138960370560987,2.0,2.0,2.0,True,True,35.0,PHASE_CLOCK_004,4.0,4.0,37.0
SP500,LAST_HIKE,T01_1983,B01,1983-08-11,0.5,0.0988712494536215,11.0,1.0,6.0,True,True,60.0,PHASE_CLOCK_004,12.0,17.0,71.0
SP500,LAST_HIKE,T02_1984,B01,1984-08-09,0.5,0.0220114295642324,12.0,3.0,3.0,True,True,60.0,PHASE_CLOCK_004,15.0,15.0,72.0
SP500,LAST_HIKE,T03_1987,B02,1987-05-22,0.3333333333333333,0.2684075033871038,7.0,13.0,19.0,True,True,60.0,PHASE_CLOCK_004,20.0,26.0,67.0
SP500,LAST_HIKE,T04_1987,B02,1987-09-24,0.3333333333333333,0.2684075033871038,3.0,13.0,19.0,True,True,60.0,PHASE_CLOCK_004,16.0,22.0,63.0
SP500,LAST_HIKE,T05_1988,B02,1989-05-17,0.3333333333333333,0.0519816996292393,9.0,3.0,3.0,True,True,60.0,PHASE_CLOCK_004,12.0,12.0,69.0
SP500,LAST_HIKE,T06_1994,B03,1995-02-01,1.0,0.0002456901496479,11.0,1.0,1.0,True,True,60.0,PHASE_CLOCK_004,12.0,12.0,71.0
SP500,LAST_HIKE,T07_1999,B04,2000-05-16,1.0,0.2016941552670919,10.0,,,False,False,60.0,PHASE_CLOCK_004,,,70.0
SP500,LAST_HIKE,T08_2004,B05,2006-06-29,1.0,0.0261925975168988,9.0,1.0,1.0,True,True,60.0,PHASE_CLOCK_004,10.0,10.0,69.0
SP500,LAST_HIKE,T09_2015,B06,2018-12-19,1.0,0.042538222757256,1.0,1.0,1.0,True,True,60.0,PHASE_CLOCK_004,2.0,2.0,61.0
SP500,LAST_HIKE,T10_2022,B07,2023-07-26,1.0,0.0421679614905226,3.0,1.0,1.0,True,True,35.0,PHASE_CLOCK_004,4.0,4.0,38.0
NASDAQ,LAST_HIKE,T01_1983,B01,1983-08-11,0.5,0.2647636161274509,11.0,7.0,17.0,True,True,60.0,PHASE_CLOCK_004,18.0,28.0,71.0
NASDAQ,LAST_HIKE,T02_1984,B01,1984-08-09,0.5,0.0400497902086219,4.0,1.0,1.0,True,True,60.0,PHASE_CLOCK_004,5.0,5.0,64.0
NASDAQ,LAST_HIKE,T03_1987,B02,1987-05-22,0.3333333333333333,0.2985083157554079,7.0,6.0,20.0,True,True,60.0,PHASE_CLOCK_004,13.0,27.0,67.0
NASDAQ,LAST_HIKE,T04_1987,B02,1987-09-24,0.3333333333333333,0.2985083157554079,3.0,6.0,20.0,True,True,60.0,PHASE_CLOCK_004,9.0,23.0,63.0
NASDAQ,LAST_HIKE,T05_1988,B02,1989-05-17,0.3333333333333333,0.0961433553941895,9.0,4.0,14.0,True,True,60.0,PHASE_CLOCK_004,13.0,23.0,69.0
NASDAQ,LAST_HIKE,T06_1994,B03,1995-02-01,1.0,0.0274621572528328,8.0,1.0,4.0,True,True,60.0,PHASE_CLOCK_004,9.0,12.0,68.0
NASDAQ,LAST_HIKE,T07_1999,B04,2000-05-16,1.0,0.5186461855521276,11.0,,,False,False,60.0,PHASE_CLOCK_004,,,71.0
NASDAQ,LAST_HIKE,T08_2004,B05,2006-06-29,1.0,0.0708482636316153,1.0,2.0,3.0,True,True,60.0,PHASE_CLOCK_004,3.0,4.0,61.0
NASDAQ,LAST_HIKE,T09_2015,B06,2018-12-19,1.0,0.0359102933989026,8.0,1.0,3.0,True,True,60.0,PHASE_CLOCK_004,9.0,11.0,68.0
NASDAQ,LAST_HIKE,T10_2022,B07,2023-07-26,1.0,0.039307757282946,3.0,1.0,1.0,True,True,35.0,PHASE_CLOCK_004,4.0,4.0,38.0
WTI,LAST_HIKE,T03_1987,B02,1987-05-22,0.3333333333333333,0.240212031872849,10.0,12.0,22.0,True,True,60.0,PHASE_CLOCK_004,22.0,32.0,70.0
WTI,LAST_HIKE,T04_1987,B02,1987-09-24,0.3333333333333333,0.2843538661886728,12.0,4.0,7.0,True,True,60.0,PHASE_CLOCK_004,16.0,19.0,72.0
WTI,LAST_HIKE,T05_1988,B02,1989-05-17,0.3333333333333333,0.1994406780784243,12.0,3.0,3.0,True,True,60.0,PHASE_CLOCK_004,15.0,15.0,72.0
WTI,LAST_HIKE,T06_1994,B03,1995-02-01,1.0,0.1297405582599535,5.0,5.0,8.0,True,True,60.0,PHASE_CLOCK_004,10.0,13.0,65.0
WTI,LAST_HIKE,T07_1999,B04,2000-05-16,1.0,0.20650806889339,10.0,22.0,23.0,True,True,60.0,PHASE_CLOCK_004,32.0,33.0,70.0
WTI,LAST_HIKE,T08_2004,B05,2006-06-29,1.0,0.2639152296426282,7.0,5.0,6.0,True,True,60.0,PHASE_CLOCK_004,12.0,13.0,67.0
WTI,LAST_HIKE,T09_2015,B06,2018-12-19,1.0,0.1550104666705353,10.0,2.0,19.0,True,True,60.0,PHASE_CLOCK_004,12.0,29.0,70.0
WTI,LAST_HIKE,T10_2022,B07,2023-07-26,1.0,0.195974280123008,5.0,3.0,27.0,True,True,33.0,PHASE_CLOCK_004,8.0,32.0,38.0
GOLD,PAUSE_START,T02_1984,B01,1984-08-21,1.0,0.1408045977011494,6.0,2.0,17.0,True,True,60.0,PHASE_CLOCK_004,8.0,23.0,66.0
GOLD,PAUSE_START,T04_1987,B02,1987-11-03,1.0,0.1625514403292181,11.0,,,False,False,60.0,PHASE_CLOCK_004,,,71.0
GOLD,PAUSE_START,T06_1994,B03,1995-03-28,1.0,0.0222222222222222,12.0,,,False,False,60.0,PHASE_CLOCK_004,,,72.0
GOLD,PAUSE_START,T07_1999,B04,2000-06-28,1.0,0.0780141843971631,10.0,1.0,5.0,True,True,60.0,PHASE_CLOCK_004,11.0,15.0,70.0
GOLD,PAUSE_START,T08_2004,B05,2006-08-08,1.0,0.0757097791798107,2.0,1.0,4.0,True,True,60.0,PHASE_CLOCK_004,3.0,6.0,62.0
GOLD,PAUSE_START,T09_2015,B06,2019-01-30,1.0,0.0272727272727272,4.0,1.0,1.0,True,True,60.0,PHASE_CLOCK_004,5.0,5.0,64.0
GOLD,PAUSE_START,T10_2022,B07,2023-09-20,1.0,0.0106337728626116,9.0,1.0,1.0,True,True,26.0,PHASE_CLOCK_004,10.0,10.0,35.0
SP500,PAUSE_START,T02_1984,B01,1984-08-21,1.0,0.0220114295642324,12.0,3.0,3.0,True,True,60.0,PHASE_CLOCK_004,15.0,15.0,72.0
SP500,PAUSE_START,T04_1987,B02,1987-11-03,1.0,0.1399472062006215,1.0,3.0,13.0,True,True,60.0,PHASE_CLOCK_004,4.0,14.0,61.0
SP500,PAUSE_START,T06_1994,B03,1995-03-28,1.0,0.0037984380236238,12.0,2.0,2.0,True,True,60.0,PHASE_CLOCK_004,14.0,14.0,72.0
SP500,PAUSE_START,T07_1999,B04,2000-06-28,1.0,0.2016941552670919,9.0,,,False,False,60.0,PHASE_CLOCK_004,,,69.0
SP500,PAUSE_START,T08_2004,B05,2006-08-08,1.0,0.0434586653126819,12.0,1.0,2.0,True,True,60.0,PHASE_CLOCK_004,13.0,14.0,72.0
SP500,PAUSE_START,T09_2015,B06,2019-01-30,1.0,0.0329303884257732,7.0,1.0,3.0,True,True,60.0,PHASE_CLOCK_004,8.0,10.0,67.0
SP500,PAUSE_START,T10_2022,B07,2023-09-20,1.0,0.0421679614905226,1.0,1.0,1.0,True,True,35.0,PHASE_CLOCK_004,2.0,2.0,36.0
NASDAQ,PAUSE_START,T02_1984,B01,1984-08-21,1.0,0.0400497902086219,4.0,1.0,1.0,True,True,60.0,PHASE_CLOCK_004,5.0,5.0,64.0
NASDAQ,PAUSE_START,T04_1987,B02,1987-11-03,1.0,0.1831315117846628,1.0,2.0,6.0,True,True,60.0,PHASE_CLOCK_004,3.0,7.0,61.0
NASDAQ,PAUSE_START,T06_1994,B03,1995-03-28,1.0,0.0274621572528328,7.0,1.0,4.0,True,True,60.0,PHASE_CLOCK_004,8.0,11.0,67.0
NASDAQ,PAUSE_START,T07_1999,B04,2000-06-28,1.0,0.5186461855521276,10.0,,,False,False,60.0,PHASE_CLOCK_004,,,70.0
NASDAQ,PAUSE_START,T08_2004,B05,2006-08-08,1.0,0.0435307639150225,12.0,1.0,2.0,True,True,60.0,PHASE_CLOCK_004,13.0,14.0,72.0
NASDAQ,PAUSE_START,T09_2015,B06,2019-01-30,1.0,0.0359102933989026,7.0,1.0,3.0,True,True,60.0,PHASE_CLOCK_004,8.0,10.0,67.0
NASDAQ,PAUSE_START,T10_2022,B07,2023-09-20,1.0,0.039307757282946,1.0,1.0,1.0,True,True,35.0,PHASE_CLOCK_004,2.0,2.0,36.0
WTI,PAUSE_START,T04_1987,B02,1987-11-03,1.0,0.3064229865208423,11.0,3.0,6.0,True,True,60.0,PHASE_CLOCK_004,14.0,17.0,71.0
WTI,PAUSE_START,T06_1994,B03,1995-03-28,1.0,0.1297405582599535,4.0,5.0,8.0,True,True,60.0,PHASE_CLOCK_004,9.0,12.0,64.0
WTI,PAUSE_START,T07_1999,B04,2000-06-28,1.0,0.20650806889339,9.0,22.0,23.0,True,True,60.0,PHASE_CLOCK_004,31.0,32.0,69.0
WTI,PAUSE_START,T08_2004,B05,2006-08-08,1.0,0.2639152296426282,5.0,5.0,6.0,True,True,60.0,PHASE_CLOCK_004,10.0,11.0,65.0
WTI,PAUSE_START,T09_2015,B06,2019-01-30,1.0,0.1550104666705353,9.0,2.0,19.0,True,True,60.0,PHASE_CLOCK_004,11.0,28.0,69.0
WTI,PAUSE_START,T10_2022,B07,2023-09-20,1.0,0.1798646597309875,12.0,18.0,18.0,True,True,24.0,PHASE_CLOCK_004,30.0,30.0,36.0
GOLD,FIRST_CUT,T01_1983,B01,1983-08-17,0.5,0.1553398058252427,11.0,26.0,26.0,True,True,60.0,PHASE_CLOCK_004,37.0,37.0,71.0
GOLD,FIRST_CUT,T02_1984,B01,1984-09-20,0.5,0.1408045977011494,5.0,2.0,17.0,True,True,60.0,PHASE_CLOCK_004,7.0,22.0,65.0
GOLD,FIRST_CUT,T03_1987,B02,1987-07-02,0.3333333333333333,0.0987654320987654,12.0,,,False,False,60.0,PHASE_CLOCK_004,,,72.0
GOLD,FIRST_CUT,T04_1987,B02,1987-11-04,0.3333333333333333,0.1625514403292181,11.0,,,False,False,60.0,PHASE_CLOCK_004,,,71.0
GOLD,FIRST_CUT,T05_1988,B02,1989-06-06,0.3333333333333333,0.1558752997601918,12.0,2.0,,True,False,60.0,PHASE_CLOCK_004,14.0,,72.0
GOLD,FIRST_CUT,T06_1994,B03,1995-07-06,1.0,0.054320987654321,12.0,,,False,False,60.0,PHASE_CLOCK_004,,,72.0
GOLD,FIRST_CUT,T07_1999,B04,2001-01-03,1.0,0.040590405904059,3.0,1.0,1.0,True,True,60.0,PHASE_CLOCK_004,4.0,4.0,63.0
GOLD,FIRST_CUT,T08_2004,B05,2007-09-18,1.0,0.1425619834710744,12.0,5.0,12.0,True,True,60.0,PHASE_CLOCK_004,17.0,24.0,72.0
GOLD,FIRST_CUT,T09_2015,B06,2019-07-31,1.0,0.0264725347452018,4.0,2.0,2.0,True,True,60.0,PHASE_CLOCK_004,6.0,6.0,64.0
GOLD,FIRST_CUT,T10_2022,B07,2024-09-18,1.0,0.0156133828996282,3.0,1.0,1.0,True,True,20.0,PHASE_CLOCK_004,4.0,4.0,23.0
SP500,FIRST_CUT,T01_1983,B01,1983-08-17,0.5,0.0988712494536215,11.0,1.0,6.0,True,True,60.0,PHASE_CLOCK_004,12.0,17.0,71.0
SP500,FIRST_CUT,T02_1984,B01,1984-09-20,0.5,0.0433081815743114,12.0,2.0,2.0,True,True,60.0,PHASE_CLOCK_004,14.0,14.0,72.0
SP500,FIRST_CUT,T03_1987,B02,1987-07-02,0.3333333333333333,0.2684075033871038,5.0,13.0,19.0,True,True,60.0,PHASE_CLOCK_004,18.0,24.0,65.0
SP500,FIRST_CUT,T04_1987,B02,1987-11-04,0.3333333333333333,0.1399472062006215,1.0,3.0,13.0,True,True,60.0,PHASE_CLOCK_004,4.0,14.0,61.0
SP500,FIRST_CUT,T05_1988,B02,1989-06-06,0.3333333333333333,0.0519816996292393,8.0,3.0,3.0,True,True,60.0,PHASE_CLOCK_004,11.0,11.0,68.0
SP500,FIRST_CUT,T06_1994,B03,1995-07-06,1.0,0.0365423720724417,12.0,1.0,2.0,True,True,60.0,PHASE_CLOCK_004,13.0,14.0,72.0
SP500,FIRST_CUT,T07_1999,B04,2001-01-03,1.0,0.2151019302810527,8.0,39.0,,True,False,60.0,PHASE_CLOCK_004,47.0,,68.0
SP500,FIRST_CUT,T08_2004,B05,2007-09-18,1.0,0.2095502314858965,12.0,42.0,54.0,True,True,60.0,PHASE_CLOCK_004,54.0,66.0,72.0
SP500,FIRST_CUT,T09_2015,B06,2019-07-31,1.0,0.1909000914287328,8.0,3.0,5.0,True,True,60.0,PHASE_CLOCK_004,11.0,13.0,68.0
SP500,FIRST_CUT,T10_2022,B07,2024-09-18,1.0,0.1108177848216077,7.0,1.0,3.0,True,True,17.0,PHASE_CLOCK_004,8.0,10.0,24.0
NASDAQ,FIRST_CUT,T01_1983,B01,1983-08-17,0.5,0.2647636161274509,11.0,7.0,17.0,True,True,60.0,PHASE_CLOCK_004,18.0,28.0,71.0
NASDAQ,FIRST_CUT,T02_1984,B01,1984-09-20,0.5,0.0467138192844162,12.0,2.0,2.0,True,True,60.0,PHASE_CLOCK_004,14.0,14.0,72.0
NASDAQ,FIRST_CUT,T03_1987,B02,1987-07-02,0.3333333333333333,0.2985083157554079,5.0,6.0,20.0,True,True,60.0,PHASE_CLOCK_004,11.0,25.0,65.0
NASDAQ,FIRST_CUT,T04_1987,B02,1987-11-04,0.3333333333333333,0.1831315117846628,1.0,2.0,6.0,True,True,60.0,PHASE_CLOCK_004,3.0,7.0,61.0
NASDAQ,FIRST_CUT,T05_1988,B02,1989-06-06,0.3333333333333333,0.0961433553941895,8.0,4.0,14.0,True,True,60.0,PHASE_CLOCK_004,12.0,22.0,68.0
NASDAQ,FIRST_CUT,T06_1994,B03,1995-07-06,1.0,0.0941613420880245,12.0,2.0,3.0,True,True,60.0,PHASE_CLOCK_004,14.0,15.0,72.0
NASDAQ,FIRST_CUT,T07_1999,B04,2001-01-03,1.0,0.40804215504697,8.0,39.0,,True,False,60.0,PHASE_CLOCK_004,47.0,,68.0
NASDAQ,FIRST_CUT,T08_2004,B05,2007-09-18,1.0,0.2067164153986956,12.0,26.0,29.0,True,True,60.0,PHASE_CLOCK_004,38.0,41.0,72.0
NASDAQ,FIRST_CUT,T09_2015,B06,2019-07-31,1.0,0.1748242325021655,8.0,2.0,3.0,True,True,60.0,PHASE_CLOCK_004,10.0,11.0,68.0
NASDAQ,FIRST_CUT,T10_2022,B07,2024-09-18,1.0,0.1548604932549572,7.0,1.0,3.0,True,True,17.0,PHASE_CLOCK_004,8.0,10.0,24.0
WTI,FIRST_CUT,T03_1987,B02,1987-07-02,0.3333333333333333,0.2369880196000282,12.0,6.0,9.0,True,True,60.0,PHASE_CLOCK_004,18.0,21.0,72.0
WTI,FIRST_CUT,T04_1987,B02,1987-11-04,0.3333333333333333,0.3064229865208423,11.0,3.0,6.0,True,True,60.0,PHASE_CLOCK_004,14.0,17.0,71.0
WTI,FIRST_CUT,T05_1988,B02,1989-06-06,0.3333333333333333,0.269776261764174,12.0,2.0,2.0,True,True,60.0,PHASE_CLOCK_004,14.0,14.0,72.0
WTI,FIRST_CUT,T06_1994,B03,1995-07-06,1.0,0.1312220232766339,11.0,3.0,3.0,True,True,60.0,PHASE_CLOCK_004,14.0,14.0,71.0
WTI,FIRST_CUT,T07_1999,B04,2001-01-03,1.0,0.3430163134968517,11.0,3.0,9.0,True,True,60.0,PHASE_CLOCK_004,14.0,20.0,71.0
WTI,FIRST_CUT,T08_2004,B05,2007-09-18,1.0,0.2223312988177045,12.0,,,False,False,60.0,PHASE_CLOCK_004,,,72.0
WTI,FIRST_CUT,T09_2015,B06,2019-07-31,1.0,0.7233610635672492,9.0,2.0,11.0,True,True,60.0,PHASE_CLOCK_004,11.0,20.0,69.0
WTI,FIRST_CUT,T10_2022,B07,2024-09-18,1.0,0.1892926509619752,8.0,10.0,10.0,True,True,16.0,PHASE_CLOCK_004,18.0,18.0,24.0
DXY,FIRST_HIKE,T01_1983,B01,1983-03-31,0.5,0.0518178888671605,12.0,2.0,4.0,True,True,60.0,RECOVERY_EXTENSION_015,14.0,16.0,72.0
DXY,FIRST_HIKE,T02_1984,B01,1984-03-29,0.5,0.0178189102413798,8.0,1.0,1.0,True,True,60.0,RECOVERY_EXTENSION_015,9.0,9.0,68.0
DXY,FIRST_HIKE,T03_1987,B02,1987-01-05,0.3333333333333333,0.1674246049152736,11.0,8.0,,True,False,60.0,RECOVERY_EXTENSION_015,19.0,,71.0
DXY,FIRST_HIKE,T04_1987,B02,1987-08-27,0.3333333333333333,0.1073851928204383,4.0,7.0,17.0,True,True,60.0,RECOVERY_EXTENSION_015,11.0,21.0,64.0
DXY,FIRST_HIKE,T05_1988,B02,1988-03-30,0.3333333333333333,0.0656703242062936,8.0,3.0,6.0,True,True,60.0,RECOVERY_EXTENSION_015,11.0,14.0,68.0
DXY,FIRST_HIKE,T06_1994,B03,1994-02-04,1.0,0.10231729133171,8.0,28.0,33.0,True,True,60.0,RECOVERY_EXTENSION_015,36.0,41.0,68.0
DXY,FIRST_HIKE,T07_1999,B04,1999-06-30,1.0,0.0434032783041414,4.0,1.0,4.0,True,True,60.0,RECOVERY_EXTENSION_015,5.0,8.0,64.0
DXY,FIRST_HIKE,T08_2004,B05,2004-06-30,1.0,0.0991713789038302,6.0,6.0,11.0,True,True,60.0,RECOVERY_EXTENSION_015,12.0,17.0,66.0
DXY,FIRST_HIKE,T09_2015,B06,2015-12-16,1.0,0.0467439259421175,4.0,6.0,7.0,True,True,60.0,RECOVERY_EXTENSION_015,10.0,11.0,64.0
DXY,FIRST_HIKE,T10_2022,B07,2022-03-16,1.0,0.0824487330467255,10.0,24.0,,True,False,44.0,RECOVERY_EXTENSION_015,34.0,,54.0
DXY,LAST_HIKE,T01_1983,B01,1983-08-11,0.5,0.0518178888671605,7.0,2.0,4.0,True,True,60.0,RECOVERY_EXTENSION_015,9.0,11.0,67.0
DXY,LAST_HIKE,T02_1984,B01,1984-08-09,0.5,0.1320704449855086,12.0,,,False,False,60.0,RECOVERY_EXTENSION_015,,,72.0
DXY,LAST_HIKE,T03_1987,B02,1987-05-22,0.3333333333333333,0.1085293996824426,7.0,7.0,17.0,True,True,60.0,RECOVERY_EXTENSION_015,14.0,24.0,67.0
DXY,LAST_HIKE,T04_1987,B02,1987-09-24,0.3333333333333333,0.1085293996824426,3.0,7.0,17.0,True,True,60.0,RECOVERY_EXTENSION_015,10.0,20.0,63.0
DXY,LAST_HIKE,T05_1988,B02,1989-05-17,0.3333333333333333,0.1061884587387589,12.0,,,False,False,60.0,RECOVERY_EXTENSION_015,,,72.0
DXY,LAST_HIKE,T06_1994,B03,1995-02-01,1.0,0.0742930781397258,2.0,5.0,13.0,True,True,60.0,RECOVERY_EXTENSION_015,7.0,15.0,62.0
DXY,LAST_HIKE,T07_1999,B04,2000-05-16,1.0,0.0545177105345883,8.0,2.0,4.0,True,True,60.0,RECOVERY_EXTENSION_015,10.0,12.0,68.0
DXY,LAST_HIKE,T08_2004,B05,2006-06-29,1.0,0.0490223810397081,11.0,18.0,18.0,True,True,60.0,RECOVERY_EXTENSION_015,29.0,29.0,71.0
DXY,LAST_HIKE,T09_2015,B06,2018-12-19,1.0,0.012407026188746,12.0,2.0,2.0,True,True,60.0,RECOVERY_EXTENSION_015,14.0,14.0,72.0
DXY,LAST_HIKE,T10_2022,B07,2023-07-26,1.0,0.0345093744558121,5.0,4.0,12.0,True,True,33.0,RECOVERY_EXTENSION_015,9.0,17.0,38.0
DXY,PAUSE_START,T02_1984,B01,1984-08-21,1.0,0.1320704449855086,12.0,,,False,False,60.0,RECOVERY_EXTENSION_015,,,72.0
DXY,PAUSE_START,T04_1987,B02,1987-11-03,1.0,0.0820751769010221,1.0,7.0,8.0,True,True,60.0,RECOVERY_EXTENSION_015,8.0,9.0,61.0
DXY,PAUSE_START,T06_1994,B03,1995-03-28,1.0,0.0629968757297827,1.0,4.0,12.0,True,True,60.0,RECOVERY_EXTENSION_015,5.0,13.0,61.0
DXY,PAUSE_START,T07_1999,B04,2000-06-28,1.0,0.0545177105345883,7.0,2.0,4.0,True,True,60.0,RECOVERY_EXTENSION_015,9.0,11.0,67.0
DXY,PAUSE_START,T08_2004,B05,2006-08-08,1.0,0.0644426600483547,11.0,16.0,16.0,True,True,60.0,RECOVERY_EXTENSION_015,27.0,27.0,71.0
DXY,PAUSE_START,T09_2015,B06,2019-01-30,1.0,0.012407026188746,11.0,2.0,2.0,True,True,60.0,RECOVERY_EXTENSION_015,13.0,13.0,71.0
DXY,PAUSE_START,T10_2022,B07,2023-09-20,1.0,0.0501600620076406,12.0,2.0,3.0,True,True,24.0,RECOVERY_EXTENSION_015,14.0,15.0,36.0
DXY,FIRST_CUT,T01_1983,B01,1983-08-17,0.5,0.0518178888671605,7.0,2.0,4.0,True,True,60.0,RECOVERY_EXTENSION_015,9.0,11.0,67.0
DXY,FIRST_CUT,T02_1984,B01,1984-09-20,0.5,0.1320704449855086,11.0,,,False,False,60.0,RECOVERY_EXTENSION_015,,,71.0
DXY,FIRST_CUT,T03_1987,B02,1987-07-02,0.3333333333333333,0.1085293996824426,5.0,7.0,17.0,True,True,60.0,RECOVERY_EXTENSION_015,12.0,22.0,65.0
DXY,FIRST_CUT,T04_1987,B02,1987-11-04,0.3333333333333333,0.0820751769010221,1.0,7.0,8.0,True,True,60.0,RECOVERY_EXTENSION_015,8.0,9.0,61.0
DXY,FIRST_CUT,T05_1988,B02,1989-06-06,0.3333333333333333,0.0962055962710699,11.0,,,False,False,60.0,RECOVERY_EXTENSION_015,,,71.0
DXY,FIRST_CUT,T06_1994,B03,1995-07-06,1.0,0.0189042687198252,3.0,2.0,3.0,True,True,60.0,RECOVERY_EXTENSION_015,5.0,6.0,63.0
DXY,FIRST_CUT,T07_1999,B04,2001-01-03,1.0,0.0474674177939647,8.0,3.0,5.0,True,True,60.0,RECOVERY_EXTENSION_015,11.0,13.0,68.0
DXY,FIRST_CUT,T08_2004,B05,2007-09-18,1.0,0.1089514768525619,7.0,5.0,6.0,True,True,60.0,RECOVERY_EXTENSION_015,12.0,13.0,67.0
DXY,FIRST_CUT,T09_2015,B06,2019-07-31,1.0,0.0440260246817367,12.0,20.0,21.0,True,True,60.0,RECOVERY_EXTENSION_015,32.0,33.0,72.0
DXY,FIRST_CUT,T10_2022,B07,2024-09-18,1.0,0.1005747941748715,12.0,,,False,False,12.0,RECOVERY_EXTENSION_015,,,24.0
US_HOUSE_PRICE,LAST_HIKE,T05_1988,B02,1989-05-17,0.3333333333333333,0.0312923065021466,22.0,4.0,28.0,True,True,60.0,RECOVERY_EXTENSION_015,26.0,50.0,82.0
US_HOUSE_PRICE,LAST_HIKE,T06_1994,B03,1995-02-01,1.0,0.0041352141624967,12.0,1.0,2.0,True,True,60.0,RECOVERY_EXTENSION_015,13.0,14.0,72.0
US_HOUSE_PRICE,LAST_HIKE,T08_2004,B05,2006-06-29,1.0,0.0979161136901634,24.0,,,False,False,60.0,RECOVERY_EXTENSION_015,,,84.0
US_HOUSE_PRICE,LAST_HIKE,T09_2015,B06,2018-12-19,1.0,0.0044325030720318,1.0,2.0,2.0,True,True,60.0,RECOVERY_EXTENSION_015,3.0,3.0,61.0
US_HOUSE_PRICE,LAST_HIKE,T10_2022,B07,2023-07-26,1.0,0.0070119291865794,17.0,2.0,3.0,True,True,18.0,RECOVERY_EXTENSION_015,19.0,20.0,35.0
